TransactionID,UserID,RecipientID,Amount,Type,Date,UtilityType
1,428,241,14.59,P2P,13/04/2024,
2,277,488,178.23,P2P,23/08/2024,
3,333,400,478.86,P2P,01/12/2024,
4,21,487,127.41,P2P,01/12/2024,
5,430,319,80.43,P2P,03/03/2024,
6,65,,140.5,Utility,08/01/2025,Water
7,486,239,351.24,P2P,10/08/2024,
8,393,,50.2,Utility,19/04/2024,Water
9,494,4,780.01,Merchant,11/11/2024,
10,84,,39.46,Utility,02/01/2025,Electricity
11,476,,123.64,Utility,21/06/2024,Gas
12,204,7,85.24,Merchant,02/10/2024,
13,354,8,110.88,Merchant,29/08/2024,
14,396,,173.05,Utility,29/09/2024,Water
15,413,408,492,P2P,08/03/2024,
16,401,178,268.71,P2P,06/09/2024,
17,339,,32.41,Utility,25/04/2024,Water
18,175,435,212.93,P2P,19/11/2024,
19,251,222,480.59,P2P,05/05/2024,
20,326,,147.32,Utility,26/05/2024,Gas
21,91,17,965.82,Merchant,15/05/2024,
22,139,18,776.9,Merchant,29/02/2024,
23,239,,168.63,Utility,15/02/2024,Water
24,138,,173.31,Utility,21/06/2024,Electricity
25,143,,63.9,Utility,26/06/2024,Gas
26,292,13,343.03,Merchant,29/07/2024,
27,254,,52.73,Utility,12/03/2024,Electricity
28,182,,81.26,Utility,25/08/2024,Water
29,360,,120.04,Utility,24/07/2024,Water
30,486,44,124.47,P2P,16/09/2024,
31,209,,119.93,Utility,22/12/2024,Electricity
32,354,,136.26,Utility,10/11/2024,Gas
33,230,48,150.65,P2P,31/03/2024,
34,208,8,313.14,Merchant,29/12/2024,
35,298,,105.19,Utility,24/03/2024,Water
36,177,,199.39,Utility,20/12/2024,Water
37,170,,146.51,Utility,09/07/2024,Gas
38,157,,61.5,Utility,21/01/2024,Water
39,99,,41.52,Utility,19/03/2024,Water
40,487,6,199.63,Merchant,01/03/2024,
41,379,,69.77,Utility,25/06/2024,Water
42,390,20,290.17,Merchant,26/04/2024,
43,52,152,117.6,P2P,07/11/2024,
44,92,,22.55,Utility,17/08/2024,Water
45,65,,28.19,Utility,17/10/2024,Electricity
46,284,,145.54,Utility,10/01/2025,Electricity
47,327,,38.47,Utility,15/07/2024,Electricity
48,294,,104.49,Utility,29/10/2024,Gas
49,175,495,30.43,P2P,23/02/2024,
50,482,,40.54,Utility,04/03/2024,Electricity
51,206,,33.33,Utility,17/12/2024,Water
52,352,78,78.85,P2P,28/01/2024,
53,289,,35.33,Utility,03/12/2024,Electricity
54,61,14,610.25,Merchant,30/06/2024,
55,405,8,777.94,Merchant,10/04/2025,
56,195,,183.53,Utility,08/10/2024,Gas
57,441,14,312.33,Merchant,19/03/2024,
58,318,313,480.25,P2P,12/02/2024,
59,51,321,109.46,P2P,06/03/2024,
60,339,81,123.73,P2P,01/08/2024,
61,283,81,6.32,P2P,16/12/2024,
62,231,20,475.21,Merchant,07/08/2024,
63,17,148,354.94,P2P,05/01/2025,
64,360,,32.81,Utility,13/06/2024,Electricity
65,474,,161.81,Utility,31/12/2024,Water
66,302,7,430.89,Merchant,27/06/2024,
67,279,332,78.75,P2P,31/05/2024,
68,137,37,34.52,P2P,04/03/2024,
69,406,,127.11,Utility,19/06/2024,Water
70,472,,99.05,Utility,11/10/2024,Gas
71,353,,145.95,Utility,18/08/2024,Gas
72,257,16,443.38,Merchant,17/04/2024,
73,307,456,218.85,P2P,17/10/2024,
74,166,9,35.61,Merchant,07/05/2024,
75,118,19,591.25,Merchant,01/03/2024,
76,11,9,580.48,Merchant,24/05/2024,
77,391,241,261.89,P2P,28/12/2024,
78,227,,52.67,Utility,30/11/2024,Water
79,224,16,969.36,Merchant,28/12/2024,
80,241,,93.5,Utility,24/05/2024,Gas
81,344,440,84.61,P2P,31/08/2024,
82,211,16,295.34,Merchant,07/09/2024,
83,484,,166.44,Utility,10/09/2024,Water
84,19,,35.85,Utility,25/02/2024,Gas
85,166,497,387.41,P2P,21/10/2024,
86,443,1,661.08,Merchant,01/02/2024,
87,278,,94.38,Utility,12/02/2024,Electricity
88,266,,132.07,Utility,27/10/2024,Gas
89,321,,156.8,Utility,06/01/2025,Electricity
90,137,5,928.4,Merchant,31/05/2024,
91,225,16,130.21,Merchant,07/07/2024,
92,499,20,801.32,Merchant,02/01/2025,
93,364,160,277.67,P2P,21/06/2024,
94,283,,36.78,Utility,15/09/2024,Electricity
95,237,332,416.91,P2P,07/07/2024,
96,256,10,513.78,Merchant,28/10/2024,
97,140,,170.25,Utility,04/12/2024,Gas
98,125,,119.23,Utility,02/07/2024,Gas
99,98,17,748.83,Merchant,06/05/2024,
100,70,142,387.47,P2P,04/11/2024,
101,438,,81.18,Utility,18/07/2024,Water
102,137,145,364.4,P2P,12/10/2024,
103,429,19,998.91,Merchant,07/03/2024,
104,251,229,271.6,P2P,25/10/2024,
105,177,,119.35,Utility,26/03/2024,Water
106,194,,187.91,Utility,22/10/2024,Electricity
107,358,293,194.57,P2P,07/11/2024,
108,439,,27.86,Utility,30/08/2024,Water
109,243,13,392.22,Merchant,04/01/2025,
110,340,5,500.38,Merchant,28/11/2024,
111,19,258,482.85,P2P,12/01/2025,
112,170,448,423.29,P2P,30/07/2024,
113,52,15,25.19,Merchant,16/02/2024,
114,74,,176.77,Utility,14/03/2024,Electricity
115,39,,160.67,Utility,27/12/2024,Gas
116,174,13,653.34,Merchant,18/01/2024,
117,437,,173.42,Utility,01/09/2024,Water
118,195,,132.82,Utility,01/09/2024,Gas
119,447,2,621.28,Merchant,06/06/2024,
120,121,10,997.45,Merchant,02/10/2024,
121,383,223,489.28,P2P,23/09/2024,
122,390,4,449.24,Merchant,09/07/2024,
123,356,,182.62,Utility,10/06/2024,Electricity
124,167,151,182.44,P2P,18/05/2024,
125,221,126,267.93,P2P,03/07/2024,
126,290,6,178.28,Merchant,23/03/2024,
127,41,13,623.51,Merchant,30/07/2024,
128,124,,184.31,Utility,21/10/2024,Electricity
129,119,,134.82,Utility,30/08/2024,Gas
130,131,1,899.92,Merchant,02/05/2024,
131,239,,141.97,Utility,10/11/2024,Electricity
132,38,,190.14,Utility,21/02/2024,Water
133,154,14,693.41,Merchant,14/04/2024,
134,234,,55.86,Utility,09/05/2024,Gas
135,437,,39.2,Utility,24/07/2024,Gas
136,293,,123.47,Utility,26/05/2024,Water
137,152,425,330.82,P2P,02/02/2024,
138,141,290,433.21,P2P,21/08/2024,
139,399,2,911.51,Merchant,03/08/2024,
140,382,,169.91,Utility,28/12/2024,Gas
141,398,311,401.96,P2P,05/08/2024,
142,113,7,624.68,Merchant,27/08/2024,
143,348,5,631.97,Merchant,30/07/2024,
144,463,2,315.84,Merchant,07/12/2024,
145,226,297,185.61,P2P,09/01/2025,
146,68,466,151.08,P2P,28/06/2024,
147,383,,51.62,Utility,04/05/2024,Electricity
148,403,12,535.54,Merchant,19/05/2024,
149,468,,169.49,Utility,12/06/2024,Gas
150,468,,194.13,Utility,17/05/2024,Gas
151,383,,164.76,Utility,04/11/2024,Gas
152,494,73,378.3,P2P,24/03/2024,
153,116,13,967.6,Merchant,10/03/2024,
154,412,12,99.4,Merchant,31/01/2024,
155,203,136,270.6,P2P,26/11/2024,
156,233,,141.11,Utility,26/10/2024,Water
157,135,13,824.19,Merchant,22/12/2024,
158,482,,39.5,Utility,24/10/2024,Electricity
159,242,318,442.7,P2P,05/04/2024,
160,288,,184.75,Utility,30/06/2024,Electricity
161,332,326,412.81,P2P,03/08/2024,
162,466,10,652.75,Merchant,02/05/2024,
163,60,24,473.4,P2P,25/08/2024,
164,156,,40.9,Utility,21/12/2024,Electricity
165,455,5,394.76,Merchant,10/09/2024,
166,190,18,424.94,Merchant,16/05/2024,
167,381,5,886.56,Merchant,22/02/2024,
168,336,427,247.23,P2P,28/05/2024,
169,209,,25.89,Utility,04/05/2024,Gas
170,112,,100.05,Utility,19/03/2024,Electricity
171,438,,37.88,Utility,01/03/2024,Water
172,189,12,69.94,Merchant,05/05/2024,
173,142,496,65.47,P2P,30/04/2024,
174,435,,36.5,Utility,21/07/2024,Electricity
175,329,20,971.38,Merchant,03/07/2024,
176,26,,63.84,Utility,10/04/2024,Electricity
177,403,7,77.92,Merchant,23/12/2024,
178,392,7,590.52,Merchant,20/03/2024,
179,417,169,388.31,P2P,06/05/2024,
180,404,1,284.5,Merchant,13/01/2025,
181,75,277,129.07,P2P,05/01/2025,
182,90,339,433.89,P2P,24/04/2024,
183,68,184,396.04,P2P,06/09/2024,
184,122,11,25.62,Merchant,02/11/2024,
185,136,65,372.15,P2P,25/02/2024,
186,270,382,36.46,P2P,08/01/2025,
187,230,,112.38,Utility,13/04/2024,Electricity
188,232,8,945.96,Merchant,29/09/2024,
189,23,17,308.61,Merchant,02/05/2024,
190,330,32,499.3,P2P,09/03/2024,
191,434,,96.73,Utility,21/02/2024,Electricity
192,252,15,82.76,Merchant,04/04/2024,
193,42,,129.49,Utility,16/08/2024,Electricity
194,65,,132.38,Utility,05/12/2024,Water
195,281,11,387.1,Merchant,30/07/2024,
196,306,10,459.18,Merchant,03/11/2024,
197,310,,37.85,Utility,20/03/2024,Water
198,59,18,723.63,Merchant,22/12/2025,
199,111,,101.28,Utility,03/09/2024,Electricity
200,212,,168.94,Utility,30/12/2024,Gas
201,213,4,319.42,Merchant,30/01/2024,
202,161,9,380.56,Merchant,25/12/2024,
203,79,16,76.46,Merchant,11/08/2024,
204,426,48,218.78,P2P,10/08/2024,
205,382,12,813.65,Merchant,20/11/2024,
206,285,301,478.53,P2P,30/03/2024,
207,288,,140.6,Utility,17/01/2024,Gas
208,182,14,869.41,Merchant,22/07/2024,
209,370,496,147.38,P2P,03/12/2024,
210,160,,38.65,Utility,29/11/2024,Water
211,109,337,243.68,P2P,25/01/2024,
212,434,180,423.46,P2P,06/06/2024,
213,189,391,142.89,P2P,02/04/2024,
214,116,,172.13,Utility,03/05/2024,Water
215,315,18,35.99,Merchant,14/01/2025,
216,476,9,38.66,Merchant,23/08/2024,
217,140,10,922.32,Merchant,28/06/2024,
218,180,93,435.58,P2P,25/10/2024,
219,290,13,78.89,Merchant,05/07/2024,
220,380,1,100.84,Merchant,04/08/2024,
221,272,193,212.82,P2P,04/03/2024,
222,175,190,159.26,P2P,02/12/2024,
223,167,20,94.11,Merchant,09/07/2024,
224,27,81,378.45,P2P,08/05/2024,
225,26,3,279.38,Merchant,05/01/2025,
226,339,,107.42,Utility,26/02/2024,Gas
227,213,,58.8,Utility,19/10/2024,Water
228,59,,97.38,Utility,15/10/2024,Gas
229,348,19,491.77,Merchant,05/01/2025,
230,342,,28.18,Utility,08/12/2024,Gas
231,307,4,106.19,P2P,01/03/2024,
232,485,393,72.93,P2P,05/07/2024,
233,131,,79.06,Utility,25/12/2024,Electricity
234,255,14,183.94,Merchant,30/06/2024,
235,195,8,505.26,Merchant,24/07/2024,
236,427,12,81.35,Merchant,26/04/2024,
237,442,2,441.86,Merchant,17/02/2024,
238,236,442,159.97,P2P,15/12/2024,
239,220,13,712.4,Merchant,08/03/2024,
240,214,,40.73,Utility,02/05/2024,Electricity
241,495,,50.94,Utility,25/10/2024,Water
242,236,12,97.25,Merchant,30/09/2024,
243,433,125,220.66,P2P,29/02/2024,
244,206,3,401.81,Merchant,31/05/2024,
245,159,11,229.36,Merchant,22/11/2024,
246,399,40,257.69,P2P,14/02/2024,
247,59,17,201.96,Merchant,30/10/2024,
248,398,,83.2,Utility,18/11/2024,Water
249,418,121,55.89,P2P,10/04/2024,
250,132,89,303.19,P2P,23/10/2024,
251,390,3,185.37,Merchant,12/02/2024,
252,396,16,469.31,Merchant,21/05/2024,
253,289,15,684.32,Merchant,15/03/2024,
254,452,20,329.98,Merchant,29/07/2024,
255,498,11,159.45,Merchant,24/05/2024,
256,35,,99.6,Utility,01/05/2024,Gas
257,408,,126.46,Utility,09/07/2024,Gas
258,260,159,233.56,P2P,15/09/2024,
259,20,189,416.69,P2P,26/10/2024,
260,40,3,618.86,Merchant,01/08/2024,
261,260,,103.29,Utility,02/10/2024,Water
262,489,2,455.24,Merchant,11/11/2024,
263,415,7,328.31,Merchant,12/02/2024,
264,244,5,958.15,Merchant,15/10/2024,
265,231,416,450.07,P2P,08/10/2024,
266,176,3,509.5,Merchant,16/05/2024,
267,89,127,355.27,P2P,26/12/2024,
268,225,17,613.71,Merchant,08/01/2025,
269,187,,185.23,Utility,29/01/2024,Gas
270,210,,142.2,Utility,01/07/2024,Electricity
271,405,11,75.25,Merchant,23/02/2024,
272,49,13,291.31,Merchant,11/01/2025,
273,371,20,874.55,Merchant,14/10/2024,
274,171,299,333.49,P2P,18/11/2024,
275,470,,75.84,Utility,04/08/2024,Water
276,358,13,137.66,Merchant,17/05/2024,
277,363,159,281.67,P2P,28/03/2024,
278,330,,166.37,Utility,06/12/2024,Water
279,360,17,102.52,Merchant,18/08/2024,
280,344,,111.53,Utility,27/09/2024,Electricity
281,186,,52.45,Utility,05/12/2024,Electricity
282,175,,54.56,Utility,20/12/2024,Electricity
283,80,152,422.99,P2P,14/09/2024,
284,52,18,836.77,Merchant,28/01/2024,
285,453,2,665.31,Merchant,17/09/2024,
286,449,5,601.27,Merchant,14/09/2024,
287,79,93,416.52,P2P,18/01/2024,
288,395,6,723.97,Merchant,19/04/2024,
289,23,,85.57,Utility,08/03/2024,Water
290,122,,129.91,Utility,29/08/2024,Water
291,402,,62.12,Utility,09/06/2024,Electricity
292,159,,182.72,Utility,18/12/2024,Electricity
293,189,19,984.6,Merchant,09/04/2024,
294,237,,160.06,Utility,02/10/2024,Water
295,271,,193.93,Utility,30/03/2024,Electricity
296,411,5,874.27,Merchant,27/04/2024,
297,27,16,875.38,Merchant,15/07/2024,
298,284,365,423.72,P2P,13/03/2024,
299,436,146,46.52,P2P,21/07/2024,
300,83,,100.88,Utility,26/11/2024,Water
301,76,,36.51,Utility,27/03/2024,Electricity
302,419,,179.23,Utility,25/10/2024,Electricity
303,213,203,253.49,P2P,25/07/2024,
304,121,,199.01,Utility,03/05/2024,Gas
305,115,164,465.76,P2P,06/03/2024,
306,430,11,793.47,Merchant,01/04/2024,
307,71,147,459.11,P2P,17/09/2024,
308,242,5,761.25,Merchant,20/12/2024,
309,241,,130.76,Utility,18/02/2024,Electricity
310,10,,58.82,Utility,02/08/2024,Electricity
311,281,20,532.49,Merchant,12/12/2024,
312,57,,62.78,Utility,21/10/2024,Electricity
313,25,,321.28,P2P,01/11/2024,
314,319,,31.31,Utility,07/04/2024,Gas
315,306,1,635.64,Merchant,16/01/2024,
316,295,368,76.07,P2P,01/07/2024,
317,220,315,179.64,P2P,10/02/2024,
318,293,,53.72,Utility,23/07/2024,Water
319,44,12,77,Merchant,18/08/2024,
320,270,17,788.55,Merchant,08/09/2024,
321,260,1,396.55,Merchant,04/04/2024,
322,241,326,196.51,P2P,16/10/2024,
323,192,,154.52,Utility,24/03/2024,Gas
324,404,177,124.36,P2P,30/01/2024,
325,337,4,773.79,Merchant,25/06/2024,
326,377,,44.01,Utility,08/10/2024,Gas
327,280,,166.43,Utility,26/04/2024,Electricity
328,426,15,981.01,Merchant,09/09/2024,
329,246,6,813.38,Merchant,10/06/2024,
330,33,15,46.61,Merchant,16/09/2024,
331,104,406,103.74,P2P,28/08/2024,
332,22,,188.01,Utility,15/04/2024,Water
333,204,16,260.78,Merchant,18/09/2024,
334,386,7,293.25,Merchant,29/05/2024,
335,442,444,329.59,P2P,21/07/2024,
336,140,410,187.17,P2P,08/08/2024,
337,456,,153.8,Utility,26/09/2024,Gas
338,174,255,347.57,P2P,24/03/2024,
339,189,9,803.14,Merchant,20/12/2024,
340,373,,34.21,Utility,10/05/2024,Water
341,422,280,150.41,P2P,06/12/2024,
342,53,168,332.16,P2P,14/04/2024,
343,157,,128.47,Utility,19/12/2024,Gas
344,86,15,358.03,Merchant,07/05/2024,
345,22,12,618.7,Merchant,30/09/2024,
346,223,,135.1,Utility,21/07/2024,Electricity
347,39,13,369.68,Merchant,23/07/2024,
348,411,6,953.26,Merchant,19/11/2024,
349,74,15,44.45,Merchant,15/09/2024,
350,35,399,324.36,P2P,15/06/2024,
351,186,,190.9,Utility,03/09/2024,Electricity
352,310,348,227.71,P2P,01/06/2024,
353,190,,99.91,Utility,13/08/2024,Electricity
354,294,272,186.64,P2P,19/07/2024,
355,161,9,257.12,Merchant,08/05/2024,
356,59,377,97.09,P2P,21/02/2024,
357,266,,184.44,Utility,09/04/2024,Electricity
358,135,,146.73,Utility,27/02/2024,Electricity
359,314,,144.92,Utility,22/12/2024,Gas
360,103,70,427.15,P2P,28/12/2024,
361,232,461,358.12,P2P,03/11/2024,
362,45,11,671.16,Merchant,06/11/2024,
363,364,282,273.37,P2P,05/05/2024,
364,457,,173.25,Utility,25/06/2024,Water
365,364,6,795.76,Merchant,06/07/2024,
366,261,63,492.64,P2P,20/05/2024,
367,406,122,396.23,P2P,20/04/2024,
368,14,,119.72,Utility,28/09/2024,Gas
369,240,5,615.83,Merchant,28/06/2024,
370,45,159,202.09,P2P,28/02/2024,
371,368,16,530.44,Merchant,23/03/2024,
372,394,,168.2,Utility,13/07/2024,Electricity
373,65,,135.62,Utility,17/05/2024,Gas
374,239,17,351.07,Merchant,27/09/2024,
375,450,19,190.14,Merchant,28/02/2024,
376,495,222,253.92,P2P,28/05/2024,
377,445,426,66.46,P2P,11/10/2024,
378,79,,49.64,Utility,17/06/2024,Gas
379,479,8,352.56,Merchant,14/10/2024,
380,482,10,847.47,Merchant,04/03/2024,
381,129,326,478.39,P2P,10/11/2024,
382,141,321,154.9,P2P,22/12/2024,
383,274,258,322.29,P2P,20/07/2024,
384,304,5,179.49,Merchant,06/12/2024,
385,320,20,344.24,Merchant,22/11/2024,
386,474,2,826.98,Merchant,15/12/2024,
387,15,24,474.53,P2P,22/07/2024,
388,395,9,654.62,Merchant,04/09/2024,
389,393,14,621.93,Merchant,23/06/2024,
390,16,,180.02,Utility,07/10/2024,Water
391,149,10,488.12,Merchant,15/04/2024,
392,413,13,304.46,Merchant,26/01/2024,
393,38,2,166.5,Merchant,06/05/2024,
394,213,,103.6,Utility,28/04/2024,Gas
395,311,161,431.44,P2P,30/07/2024,
396,164,12,975.62,Merchant,07/04/2024,
397,67,,112.7,Utility,25/12/2024,Electricity
398,164,239,65.65,P2P,10/12/2024,
399,231,73,52.92,P2P,14/11/2024,
400,149,,175.55,Utility,21/06/2024,Gas
401,128,417,167.08,P2P,07/02/2024,
402,296,11,197.94,Merchant,20/08/2024,
403,82,,199.27,Utility,09/11/2024,Gas
404,256,,109.53,Utility,19/05/2024,Electricity
405,484,,110.98,Utility,25/04/2024,Electricity
406,111,12,58.17,Merchant,03/10/2024,
407,145,,127.55,Utility,17/05/2024,Water
408,345,,71.43,Utility,22/06/2024,Electricity
409,434,221,71.3,P2P,14/06/2024,
410,136,12,766.22,Merchant,24/11/2024,
411,188,206,30.32,P2P,04/07/2024,
412,288,186,278.85,P2P,28/06/2024,
413,38,,110.77,Utility,17/06/2024,Water
414,144,,127.62,Merchant,25/04/2024,
415,500,202,189.73,P2P,03/01/2025,
416,174,12,757.42,Merchant,05/02/2024,
417,102,17,407.37,Merchant,28/04/2024,
418,21,20,72.83,P2P,21/07/2024,
419,171,,113.48,Utility,23/10/2024,Electricity
420,311,5,334.69,Merchant,09/04/2024,
421,314,,49.25,Utility,25/05/2024,Water
422,379,,126.87,Utility,18/09/2024,Water
423,425,18,494.95,Merchant,27/11/2024,
424,289,,105.48,Utility,01/02/2024,Electricity
425,189,,141.29,Utility,13/05/2024,Gas
426,299,,163.42,Utility,06/07/2024,Water
427,447,1,600.94,Merchant,22/06/2024,
428,136,19,581.86,Merchant,09/04/2024,
429,370,299,242.82,P2P,24/08/2024,
430,269,20,776.86,Merchant,20/12/2024,
431,195,421,341.96,P2P,19/03/2024,
432,17,4,198.88,Merchant,10/08/2024,
433,226,,95.38,Utility,04/04/2024,Gas
434,354,211,253.4,P2P,12/11/2024,
435,314,,177.11,Utility,13/09/2024,Water
436,373,362,73.35,P2P,26/02/2024,
437,107,11,998.14,Merchant,09/09/2024,
438,245,13,320.62,Merchant,08/09/2024,
439,89,,184.18,Utility,22/05/2024,Gas
440,280,,141.66,Utility,05/03/2024,Water
441,349,9,613.98,Merchant,05/09/2024,
442,99,143,281.25,P2P,11/08/2024,
443,116,,158.81,Utility,22/01/2024,Water
444,107,16,323.87,Merchant,21/10/2024,
445,179,9,294.91,Merchant,23/01/2024,
446,294,18,385.9,Merchant,21/11/2024,
447,203,,191.83,Utility,10/06/2024,Electricity
448,149,148,477.88,P2P,19/02/2024,
449,41,,186.32,Utility,13/11/2024,Water
450,132,16,221.85,Merchant,14/10/2024,
451,424,9,933.69,Merchant,23/05/2024,
452,357,,44.71,Utility,03/01/2025,Water
453,380,8,250.03,Merchant,30/05/2024,
454,343,8,641.57,Merchant,07/11/2024,
455,27,212,168.5,P2P,07/11/2024,
456,242,349,386.53,P2P,16/08/2024,
457,3,6,412.84,Merchant,08/02/2024,
458,479,,105.94,Utility,25/09/2024,Electricity
459,388,,77.81,Utility,03/02/2024,Water
460,31,334,289.2,P2P,03/08/2024,
461,274,2,914.1,Merchant,05/04/2024,
462,90,,178.8,Utility,03/06/2024,Electricity
463,479,429,201.51,P2P,09/08/2024,
464,254,480,375.76,P2P,01/04/2024,
465,447,,177.81,Utility,15/03/2024,Electricity
466,153,20,116.23,Merchant,05/12/2024,
467,172,,101.78,Utility,10/08/2024,Water
468,279,16,890.37,Merchant,16/06/2024,
469,69,15,280.11,Merchant,13/12/2024,
470,415,170,85.43,P2P,19/10/2024,
471,235,9,721.41,Merchant,13/04/2024,
472,8,11,792.86,Merchant,06/05/2024,
473,291,7,183.74,Merchant,21/11/2024,
474,439,13,828.72,Merchant,17/03/2024,
475,264,,35.61,Utility,02/01/2025,Water
476,49,72,241.34,P2P,08/06/2024,
477,480,4,134.09,P2P,22/05/2024,
478,121,,155.68,Utility,23/06/2024,Gas
479,155,19,21.32,Merchant,07/04/2024,
480,335,,144.7,Utility,16/08/2024,Electricity
481,342,239,156.87,P2P,25/10/2024,
482,208,17,923.87,Merchant,20/04/2024,
483,455,10,693.39,Merchant,14/01/2025,
484,328,,86.16,Utility,20/01/2024,Electricity
485,113,245,80.83,P2P,29/01/2024,
486,383,12,421.69,Merchant,08/12/2024,
487,282,,156.32,Utility,22/01/2024,Water
488,423,391,127.5,P2P,03/11/2024,
489,387,3,530.25,Merchant,14/01/2025,
490,271,12,87.32,Merchant,06/08/2024,
491,289,32,415.24,P2P,23/02/2024,
492,463,7,576.97,Merchant,27/07/2024,
493,77,168,427.97,P2P,17/06/2024,
494,227,349,106.67,P2P,17/11/2024,
495,299,,36.37,Utility,21/07/2024,Water
496,229,233,70.31,P2P,31/01/2024,
497,213,,121.5,Utility,15/03/2024,Water
498,237,10,726.05,Merchant,03/05/2024,
499,203,,166.96,Utility,11/05/2024,Water
500,112,3,54.84,Merchant,24/01/2024,
501,177,3,545.75,Merchant,13/04/2024,
502,31,479,238.68,P2P,16/09/2024,
503,147,,52.4,Utility,09/11/2024,Electricity
504,393,14,380.72,Merchant,08/10/2024,
505,457,,100.74,Utility,20/04/2024,Gas
506,193,350,482.25,P2P,28/01/2024,
507,448,5,657,Merchant,29/04/2024,
508,179,92,496.46,P2P,01/11/2024,
509,202,5,730.58,Merchant,03/03/2024,
510,115,388,16.25,P2P,25/11/2024,
511,153,,141.23,Utility,14/11/2024,Water
512,218,13,825.13,Merchant,09/06/2024,
513,127,,82.31,Utility,25/09/2024,Gas
514,97,4,41.9,Merchant,18/06/2024,
515,339,,130.69,Utility,05/03/2024,Electricity
516,124,35,54.94,P2P,27/11/2024,
517,18,,127.6,Utility,28/10/2024,Water
518,447,126,371.57,P2P,20/12/2024,
519,206,,62.18,Utility,28/04/2024,Electricity
520,387,72,254.43,P2P,14/12/2024,
521,149,418,458.62,P2P,16/02/2024,
522,295,,123.95,Utility,13/02/2024,Water
523,420,,62.64,Utility,12/02/2024,Electricity
524,339,8,419.42,Merchant,28/07/2024,
525,141,286,474.52,P2P,21/10/2024,
526,451,6,629.73,Merchant,14/10/2024,
527,219,16,56.42,Merchant,06/11/2024,
528,177,13,787.95,Merchant,25/10/2024,
529,164,14,414.18,Merchant,24/06/2024,
530,154,,53.1,Utility,22/01/2024,Water
531,243,435,116.55,P2P,20/01/2024,
532,440,5,807.72,Merchant,29/10/2024,
533,469,288,209.28,P2P,02/12/2024,
534,214,17,142.75,Merchant,12/08/2024,
535,125,,56.6,Utility,05/09/2024,Water
536,41,,172.48,Utility,08/06/2025,Electricity
537,275,7,61.02,Merchant,13/03/2024,
538,194,20,606.89,Merchant,21/02/2024,
539,448,97,403.3,P2P,26/10/2024,
540,301,18,224.85,Merchant,30/08/2024,
541,107,,74.57,Utility,17/11/2024,Electricity
542,109,493,372.03,P2P,14/06/2024,
543,383,,184.6,Utility,30/03/2024,Water
544,310,7,402.67,Merchant,02/12/2024,
545,123,11,777.76,Merchant,06/09/2024,
546,195,,116.06,Utility,13/12/2024,Gas
547,158,,84.74,Utility,15/05/2024,Gas
548,239,412,490.75,P2P,14/11/2024,
549,241,,184.58,Utility,19/05/2024,Gas
550,161,,28.23,Utility,28/06/2024,Electricity
551,380,9,134.08,P2P,31/07/2024,
552,479,19,722.81,Merchant,29/10/2024,
553,152,101,168.28,P2P,24/01/2024,
554,195,8,504.31,Merchant,11/05/2024,
555,336,11,264.75,Merchant,30/04/2024,
556,421,,193.97,Utility,11/07/2024,Water
557,379,,102.95,Utility,02/04/2024,Water
558,408,,50.47,Utility,22/02/2024,Water
559,280,,53.13,Utility,26/04/2024,Water
560,329,269,21.74,P2P,25/09/2024,
561,434,484,409.91,P2P,25/08/2024,
562,25,212,73.06,P2P,16/07/2024,
563,323,35,355.05,P2P,09/06/2024,
564,5,259,230.72,P2P,07/05/2024,
565,31,20,913.62,Merchant,29/06/2024,
566,338,,22.83,Utility,20/02/2024,Water
567,283,,22.13,Utility,10/04/2024,Water
568,370,,116.43,Utility,20/06/2024,Gas
569,9,14,808.11,Merchant,19/08/2024,
570,466,55,459.43,P2P,02/05/2024,
571,269,124,100.01,P2P,20/07/2024,
572,270,,166.74,Utility,04/05/2024,Gas
573,408,,34.22,Utility,01/01/2025,Gas
574,236,8,990.33,Merchant,13/10/2024,
575,116,,143.13,Utility,09/08/2024,Electricity
576,335,2,102.57,Merchant,29/07/2024,
577,195,,119.49,Utility,18/04/2024,Electricity
578,327,360,89.83,P2P,11/06/2024,
579,256,,136.08,Utility,21/01/2024,Gas
580,290,459,266.44,P2P,26/07/2024,
581,22,109,451.13,P2P,23/10/2024,
582,355,16,278.38,Merchant,15/06/2024,
583,474,351,463.16,P2P,07/06/2024,
584,461,19,661.53,Merchant,06/11/2024,
585,92,,22.82,Utility,14/08/2024,Electricity
586,301,386,411.24,P2P,18/10/2024,
587,421,,187.2,Utility,26/02/2024,Gas
588,84,8,571.03,Merchant,08/07/2024,
589,435,,141.87,Utility,11/04/2024,Water
590,170,,156.01,Utility,26/08/2024,Electricity
591,405,3,505.78,Merchant,24/01/2024,
592,499,,29.67,Utility,17/06/2024,Gas
593,119,175,304.56,P2P,09/11/2024,
594,315,13,969.23,Merchant,14/04/2024,
595,168,325,140.3,P2P,06/07/2024,
596,231,,61.06,Utility,06/06/2024,Water
597,482,,97.73,Utility,18/07/2024,Water
598,300,13,94.84,Merchant,20/08/2024,
599,317,,163.65,Utility,26/02/2024,Water
600,38,138,81.34,P2P,20/09/2024,
601,365,5,742.26,Merchant,14/05/2024,
602,163,,39.18,Utility,23/05/2024,Electricity
603,483,,100.05,Utility,10/03/2024,Gas
604,53,45,97.76,P2P,24/11/2024,
605,230,18,517.32,Merchant,15/09/2024,
606,53,46,180.19,P2P,16/02/2024,
607,48,20,786.59,Merchant,21/02/2024,
608,443,,22.22,Utility,19/08/2024,Gas
609,199,372,451.06,P2P,20/03/2024,
610,464,293,262.95,P2P,04/04/2024,
611,351,,50.51,Utility,15/12/2024,Gas
612,155,,108.76,Utility,14/01/2025,Electricity
613,86,,69.67,Utility,23/07/2024,Gas
614,248,185,129.59,P2P,01/09/2024,
615,127,16,597.87,Merchant,21/04/2024,
616,101,,39.26,Utility,16/02/2024,Gas
617,4,,79.8,Utility,09/03/2024,Water
618,195,,99.24,Utility,19/06/2024,Gas
619,418,20,144.76,Merchant,10/09/2024,
620,165,7,484.22,Merchant,05/12/2024,
621,91,,194.37,Utility,16/07/2024,Gas
622,377,16,968.09,Merchant,05/08/2024,
623,401,167,191.15,P2P,21/10/2024,
624,419,,85.7,Utility,06/12/2024,Water
625,103,18,188.13,Merchant,22/08/2024,
626,394,1,953.47,Merchant,05/11/2024,
627,237,7,444.07,Merchant,14/04/2024,
628,150,3,820.78,Merchant,06/02/2024,
629,408,,141.14,Utility,08/11/2024,Electricity
630,325,,63.56,Utility,24/07/2024,Water
631,79,14,791.19,Merchant,21/04/2024,
632,38,,198.33,Utility,22/06/2024,Gas
633,299,,116.19,Utility,14/05/2024,Water
634,215,2,792.81,Merchant,28/10/2024,
635,185,18,597.88,Merchant,25/05/2024,
636,469,56,385.63,P2P,04/12/2024,
637,337,12,174.68,Merchant,13/03/2024,
638,314,289,491.89,P2P,29/01/2024,
639,347,13,967.14,Merchant,18/05/2024,
640,170,,39.07,Utility,08/10/2024,Electricity
641,133,262,374.69,P2P,21/08/2024,
642,286,19,228.82,Merchant,03/09/2024,
643,192,,103.35,Utility,20/06/2024,Water
644,302,17,159.24,Merchant,18/12/2024,
645,13,,38.82,Utility,17/01/2024,Gas
646,472,60,416.5,P2P,28/04/2024,
647,374,179,159.39,P2P,09/10/2024,
648,234,267,244.05,P2P,05/04/2024,
649,244,225,362.39,P2P,03/11/2024,
650,232,,32.09,Utility,20/08/2024,Electricity
651,415,4,32.36,Merchant,18/11/2024,
652,176,4,680.37,Merchant,22/07/2024,
653,85,8,520.83,Merchant,13/08/2024,
654,283,170,282.13,P2P,27/07/2024,
655,491,,61.73,Utility,15/05/2024,Gas
656,323,96,322.04,P2P,24/09/2024,
657,222,,25.25,Utility,15/04/2024,Water
658,453,231,298.14,P2P,18/05/2024,
659,200,361,111.32,P2P,12/07/2024,
660,143,3,581.57,Merchant,16/10/2024,
661,410,6,372.14,Merchant,20/07/2024,
662,101,,40.51,Utility,01/08/2024,Water
663,442,,114.99,Utility,17/08/2024,Water
664,161,13,615.2,Merchant,13/12/2024,
665,301,179,179.23,P2P,28/10/2024,
666,235,6,815.6,Merchant,25/10/2024,
667,362,,185.36,Utility,15/02/2024,Water
668,44,5,320.05,Merchant,06/01/2025,
669,123,,41.05,Utility,24/02/2024,Gas
670,356,262,197.29,P2P,28/06/2024,
671,306,295,194.94,P2P,12/10/2024,
672,96,,134.39,Utility,14/02/2024,Water
673,471,6,559.36,Merchant,08/06/2024,
674,251,,45.25,Utility,04/03/2024,Gas
675,432,,131.49,Utility,03/11/2024,Gas
676,488,249,72.58,P2P,20/01/2024,
677,418,,193.49,Utility,17/03/2024,Water
678,335,,93.64,Utility,03/08/2024,Gas
679,213,15,493.81,Merchant,31/10/2024,
680,43,1,797.92,Merchant,02/03/2024,
681,113,,25.89,Utility,19/03/2024,Electricity
682,276,,50.28,Utility,31/03/2024,Gas
683,290,16,554.23,Merchant,02/07/2024,
684,58,4,275.21,Merchant,17/12/2024,
685,279,,117.57,Utility,28/02/2024,Electricity
686,390,15,550.89,Merchant,30/01/2024,
687,218,377,415.89,P2P,23/12/2024,
688,385,153,438.03,P2P,27/06/2024,
689,17,,67.31,Utility,25/07/2024,Electricity
690,225,398,406.89,P2P,21/03/2024,
691,108,19,692.24,Merchant,14/09/2024,
692,441,20,636.44,Merchant,21/11/2024,
693,85,5,787,Merchant,05/08/2024,
694,417,413,34.38,P2P,22/07/2024,
695,180,9,600.89,Merchant,09/03/2024,
696,87,,196.22,Utility,31/10/2024,Gas
697,149,9,952.87,Merchant,19/12/2024,
698,264,4,144.23,Merchant,14/08/2024,
699,385,,185.38,Utility,25/06/2024,Gas
700,444,5,704.41,Merchant,18/06/2024,
701,68,75,357.14,P2P,18/01/2024,
702,425,390,422.56,P2P,09/05/2024,
703,202,,45.59,Utility,29/02/2024,Water
704,138,14,381.42,Merchant,21/08/2025,
705,39,3,408.82,Merchant,08/05/2024,
706,384,,145.05,Utility,20/10/2024,Gas
707,233,,78.91,Utility,07/01/2025,Electricity
708,445,3,733.62,Merchant,21/12/2024,
709,235,12,851.61,Merchant,03/10/2024,
710,408,13,225.65,Merchant,29/04/2024,
711,220,254,137.93,P2P,04/08/2024,
712,425,,80.8,Utility,19/05/2024,Water
713,67,16,790.42,Merchant,09/09/2024,
714,458,2,55.48,Merchant,25/12/2024,
715,321,,22.93,Utility,07/06/2024,Electricity
716,226,,20.12,Utility,20/08/2024,Gas
717,104,5,883.33,Merchant,23/09/2024,
718,155,448,466.7,P2P,19/03/2024,
719,141,336,183.42,P2P,09/03/2024,
720,43,,139.61,Utility,06/05/2024,Water
721,85,203,314.67,P2P,05/08/2024,
722,372,8,434.94,Merchant,07/10/2024,
723,47,4,11.08,Merchant,03/04/2024,
724,245,68,298.87,P2P,21/11/2024,
725,266,15,19.19,Merchant,09/09/2024,
726,357,,167.08,Utility,18/10/2024,Gas
727,356,245,40.06,P2P,07/06/2024,
728,197,375,403.95,P2P,03/08/2024,
729,53,,86.16,Utility,05/09/2024,Gas
730,71,,159.22,Utility,21/04/2024,Electricity
731,329,5,77.73,Merchant,16/07/2024,
732,289,313,326.76,P2P,12/07/2024,
733,226,,150.04,Utility,05/04/2024,Water
734,384,471,208.8,P2P,12/01/2025,
735,352,,174.79,Utility,22/05/2024,Electricity
736,460,72,377.46,P2P,09/01/2025,
737,302,13,358.02,Merchant,31/10/2024,
738,220,,162.39,Utility,20/10/2024,Electricity
739,142,3,255.69,Merchant,11/12/2024,
740,308,20,292.07,Merchant,09/01/2025,
741,482,1,849.41,Merchant,07/03/2024,
742,338,,56.98,Utility,18/03/2024,Water
743,261,383,198.92,P2P,05/08/2024,
744,331,402,449.47,P2P,18/10/2024,
745,489,254,196.01,P2P,02/12/2024,
746,124,,134.85,Utility,17/07/2024,Electricity
747,271,185,467.29,P2P,18/01/2024,
748,68,,174.95,Utility,17/05/2024,Water
749,216,,118.34,Utility,24/06/2024,Electricity
750,391,,191.8,Utility,24/03/2024,Electricity
751,9,3,23.66,Merchant,13/03/2024,
752,111,473,34.93,P2P,15/07/2024,
753,405,,111.19,Utility,10/02/2024,Water
754,365,14,429.34,Merchant,17/01/2024,
755,206,328,270.6,P2P,15/05/2024,
756,316,143,46.38,P2P,13/10/2024,
757,41,7,974.57,Merchant,27/03/2024,
758,80,11,396.82,Merchant,01/04/2024,
759,325,3,317.07,Merchant,10/10/2024,
760,224,8,67.33,Merchant,20/02/2024,
761,45,,40.88,Utility,10/08/2024,Water
762,312,159,334.71,P2P,11/07/2024,
763,337,6,128.25,Merchant,22/05/2024,
764,363,360,10.62,P2P,20/02/2024,
765,255,,114.14,Utility,07/02/2024,Water
766,133,191,67.83,P2P,13/09/2024,
767,400,,151.93,Utility,15/07/2024,Electricity
768,395,172,404.52,P2P,01/09/2024,
769,140,3,270.32,Merchant,15/03/2024,
770,500,3,501.19,Merchant,09/02/2024,
771,262,,29.98,Utility,30/05/2024,Water
772,86,,48.32,Utility,18/09/2024,Electricity
773,458,4,236.12,Merchant,19/08/2024,
774,261,23,430.05,P2P,23/12/2024,
775,7,24,238.52,P2P,11/04/2024,
776,197,92,465.92,P2P,27/05/2024,
777,440,284,402.54,P2P,15/09/2024,
778,366,14,232.27,Merchant,20/01/2024,
779,128,,184.85,Utility,09/01/2025,Gas
780,139,293,189.54,P2P,29/03/2024,
781,258,2,187.55,Merchant,30/04/2024,
782,412,2,954.54,Merchant,04/05/2024,
783,36,,175.89,Utility,28/11/2024,Gas
784,168,284,231.09,P2P,02/01/2025,
785,189,150,284.08,P2P,17/12/2024,
786,156,20,250.16,Merchant,28/06/2024,
787,189,16,997.81,Merchant,28/08/2024,
788,398,376,450.72,P2P,24/10/2024,
789,390,78,8.16,P2P,12/05/2024,
790,210,120,273.06,P2P,05/06/2024,
791,326,1,951.48,Merchant,13/09/2024,
792,1,13,850.52,Merchant,07/11/2024,
793,373,,38.71,Utility,19/06/2024,Water
794,122,,108.57,Utility,11/01/2025,Electricity
795,498,365,143.51,P2P,22/04/2024,
796,23,460,423.52,P2P,19/08/2024,
797,212,12,463.87,Merchant,12/08/2024,
798,383,298,52.31,P2P,20/09/2024,
799,69,13,84.08,Merchant,27/09/2024,
800,291,223,332.91,P2P,02/04/2024,
801,67,150,134.19,P2P,14/02/2024,
802,162,,146.13,Utility,01/09/2024,Water
803,168,,101.5,Utility,14/03/2024,Electricity
804,39,70,391.07,P2P,23/02/2024,
805,300,80,57.3,P2P,24/10/2024,
806,231,,76.53,Utility,08/04/2024,Electricity
807,275,,193.63,Utility,02/05/2024,Electricity
808,232,,103.4,Utility,24/03/2024,Electricity
809,47,414,344.6,P2P,26/04/2024,
810,424,20,49.93,Merchant,20/08/2024,
811,428,,46.7,Utility,23/02/2024,Water
812,128,,91.32,Utility,04/03/2024,Electricity
813,347,,66.83,Utility,19/11/2024,Electricity
814,16,,173.83,Utility,04/08/2024,Water
815,384,8,103.78,Merchant,30/08/2024,
816,53,63,10.92,P2P,21/09/2024,
817,426,67,103.08,P2P,07/11/2024,
818,206,,143.53,Utility,11/06/2024,Water
819,44,19,266.23,Merchant,22/05/2024,
820,417,12,498.59,P2P,25/08/2024,
821,102,15,811.21,Merchant,09/11/2024,
822,48,,42.05,Utility,11/12/2024,Gas
823,26,474,289.07,P2P,31/08/2024,
824,421,13,501.17,Merchant,05/09/2024,
825,196,14,181.08,Merchant,01/05/2024,
826,110,141,143.53,P2P,23/11/2024,
827,453,18,308.98,P2P,27/10/2024,
828,316,332,151.08,P2P,18/12/2024,
829,211,16,70.37,Merchant,10/09/2024,
830,144,,44.7,Utility,30/09/2024,Electricity
831,330,8,634.45,Merchant,02/01/2025,
832,411,1,989.51,Merchant,16/07/2024,
833,401,12,484.89,Merchant,05/04/2024,
834,401,,81.93,Utility,20/03/2024,Water
835,258,,89.91,Utility,16/01/2024,Electricity
836,14,,127.48,Utility,14/11/2024,Electricity
837,459,,30.55,Utility,14/04/2024,Gas
838,272,,158.03,Utility,08/04/2024,Electricity
839,499,52,127.69,P2P,19/02/2024,
840,124,,116.06,Utility,10/01/2025,Water
841,29,295,424.02,P2P,21/11/2024,
842,409,,83.86,Utility,09/09/2024,Electricity
843,91,304,162.41,P2P,11/03/2024,
844,378,12,914.84,Merchant,10/03/2024,
845,15,12,948.08,Merchant,19/03/2024,
846,289,,474.44,P2P,17/07/2024,
847,429,,117.58,Utility,19/12/2024,Electricity
848,252,47,32.8,P2P,15/01/2024,
849,309,11,265.59,P2P,19/05/2024,
850,1,,185.22,Utility,14/02/2024,Electricity
851,413,175,359.88,P2P,27/12/2024,
852,471,,30.72,Utility,04/02/2024,Electricity
853,301,5,776.62,Merchant,08/03/2024,
854,434,12,960.95,Merchant,31/07/2024,
855,192,13,590.16,Merchant,23/11/2024,
856,173,,78.07,Utility,03/07/2024,Electricity
857,375,,162.53,Utility,28/06/2024,Gas
858,333,,51.36,Utility,29/09/2024,Water
859,356,12,231,Merchant,16/07/2024,
860,302,194,156.88,P2P,21/05/2024,
861,353,,42.92,Utility,11/05/2024,Water
862,1,19,397.69,Merchant,27/07/2024,
863,395,2,190.26,Merchant,05/11/2024,
864,163,8,643.25,Merchant,29/02/2024,
865,54,,45.32,Utility,17/04/2024,Water
866,40,178,491.28,P2P,19/08/2024,
867,86,3,823.45,Merchant,15/06/2024,
868,344,11,452.16,Merchant,09/06/2024,
869,136,128,348.12,P2P,10/11/2024,
870,180,,161.66,Utility,12/06/2024,Water
871,1,198,221.92,P2P,15/10/2024,
872,215,453,209.94,P2P,17/07/2024,
873,452,,83.22,Utility,31/05/2024,Gas
874,52,,161.97,Utility,15/05/2024,Water
875,334,8,171.03,Merchant,05/12/2024,
876,38,151,14.94,P2P,04/08/2024,
877,134,38,174.2,P2P,17/05/2024,
878,455,,48.96,Utility,08/08/2024,Electricity
879,281,174,299.05,P2P,14/02/2024,
880,315,,146.81,Utility,23/12/2024,Gas
881,483,6,611.24,Merchant,06/09/2024,
882,223,28,55.12,P2P,07/12/2024,
883,106,210,350.11,P2P,07/04/2024,
884,370,18,272.61,Merchant,19/03/2024,
885,145,,62.76,Utility,17/09/2024,Electricity
886,202,18,841.46,Merchant,03/12/2024,
887,79,185,6.89,P2P,01/05/2024,
888,45,,168.3,Utility,17/10/2024,Water
889,308,,55.94,Utility,10/03/2024,Electricity
890,106,327,149.45,P2P,06/12/2024,
891,42,,171.88,Utility,02/07/2024,Gas
892,402,,104.77,Utility,19/08/2024,Water
893,136,329,274.34,P2P,04/07/2024,
894,95,,179.39,Utility,23/07/2024,Gas
895,96,,28.03,Utility,10/10/2024,Gas
896,239,,60.72,Utility,16/11/2024,Gas
897,289,78,377.36,P2P,21/04/2024,
898,342,44,335.73,P2P,07/10/2024,
899,414,14,971,Merchant,01/03/2024,
900,302,284,35.19,P2P,18/08/2024,
901,199,14,965.97,Merchant,29/12/2024,
902,352,,123.09,Utility,02/07/2024,Electricity
903,244,,34.21,Utility,24/09/2024,Water
904,18,19,901.45,Merchant,29/05/2024,
905,410,20,155.97,Merchant,24/03/2024,
906,487,,51.12,Utility,24/01/2024,Electricity
907,498,,100.4,P2P,16/12/2024,
908,22,,34.11,Utility,05/06/2024,Water
909,223,422,315.48,P2P,12/12/2024,
910,428,9,326.55,Merchant,14/07/2024,
911,373,45,197.11,P2P,09/11/2024,
912,204,11,858.06,Merchant,01/10/2024,
913,267,,185.09,Utility,28/05/2024,Electricity
914,403,20,591.7,Merchant,23/10/2024,
915,401,,40.25,Utility,27/06/2024,Electricity
916,76,19,586.85,Merchant,07/04/2024,
917,494,474,57.29,P2P,10/09/2024,
918,400,403,146.62,P2P,19/08/2024,
919,275,,178.02,Utility,20/12/2024,Gas
920,197,16,576.3,Merchant,06/01/2025,
921,243,89,141.33,P2P,13/01/2025,
922,74,20,684,Merchant,29/03/2024,
923,206,203,445.34,P2P,11/06/2024,
924,170,8,58.8,Merchant,08/06/2024,
925,244,,181.47,Utility,24/03/2024,Electricity
926,173,,75.97,Utility,11/01/2025,Gas
927,440,4,972.77,Merchant,31/10/2024,
928,117,154,487.24,P2P,19/01/2024,
929,227,,68.5,Utility,31/03/2024,Gas
930,310,3,196.06,Merchant,04/07/2024,
931,109,,153.37,Utility,03/06/2024,Water
932,445,,167.78,Utility,06/08/2024,Water
933,406,34,159.01,P2P,30/03/2024,
934,260,,44.42,Utility,17/01/2024,Water
935,451,1,182,Merchant,29/08/2024,
936,449,429,33.53,P2P,14/05/2024,
937,17,,29.1,Utility,21/05/2024,Gas
938,361,141,187.33,P2P,20/02/2024,
939,238,13,639.06,Merchant,02/01/2025,
940,64,1,249.52,Merchant,06/06/2024,
941,251,15,185.81,Merchant,04/01/2025,
942,446,,125.64,Utility,22/04/2024,Gas
943,177,429,447.77,P2P,28/07/2024,
944,384,3,292.22,Merchant,06/01/2025,
945,198,84,427.64,P2P,20/01/2024,
946,400,439,114.57,P2P,06/09/2024,
947,116,7,276.39,Merchant,30/04/2024,
948,210,1,865.98,Merchant,28/01/2024,
949,496,1,479.36,Merchant,22/09/2024,
950,68,6,605.13,Merchant,30/04/2024,
951,5,130,306.13,P2P,20/09/2024,
952,483,,148.29,Utility,18/07/2024,Water
953,330,,96.29,Utility,17/06/2024,Gas
954,437,,102.62,Utility,01/02/2024,Electricity
955,239,,141.9,Utility,11/10/2024,Water
956,204,4,17.27,Merchant,14/10/2024,
957,340,,121.06,Utility,22/04/2024,Water
958,312,,73.73,Utility,30/04/2024,Electricity
959,247,173,494.24,P2P,13/09/2024,
960,328,,175.07,Utility,06/02/2024,Gas
961,336,10,196.48,Merchant,24/08/2024,
962,265,461,33.1,P2P,29/11/2024,
963,439,13,663.93,Merchant,26/01/2024,
964,349,370,17.6,P2P,15/12/2024,
965,255,,66.7,Utility,19/10/2024,Gas
966,208,,152.61,Utility,09/01/2025,Water
967,363,7,349.74,Merchant,15/07/2024,
968,366,352,269.64,P2P,06/09/2024,
969,402,,183.17,Utility,16/09/2024,Water
970,184,10,846.97,Merchant,09/07/2024,
971,431,18,189.32,Merchant,23/07/2024,
972,50,,43.03,Utility,22/03/2024,Gas
973,372,6,947.45,Merchant,16/07/2024,
974,461,,137.8,Utility,01/11/2024,Electricity
975,182,382,436.36,P2P,19/12/2024,
976,216,,86.9,Utility,22/09/2024,Water
977,151,,173.22,Utility,01/11/2024,Gas
978,28,19,584.51,Merchant,13/08/2024,
979,318,242,445.27,P2P,23/11/2024,
980,257,445,341.95,P2P,24/02/2024,
981,272,,94.36,Utility,29/01/2024,Electricity
982,71,176,207.55,P2P,06/06/2024,
983,292,,45.78,Utility,26/01/2024,Water
984,93,250,169.65,P2P,09/09/2024,
985,91,,134.21,Utility,27/12/2024,Electricity
986,232,,57.69,Utility,18/10/2024,Electricity
987,296,251,393.68,P2P,14/03/2024,
988,400,67,309.17,P2P,15/10/2024,
989,325,,92.61,Utility,26/10/2024,Gas
990,197,20,269.22,P2P,23/03/2024,
991,375,,191.01,Utility,18/12/2024,Gas
992,388,7,27.74,Merchant,10/12/2024,
993,3,8,234,Merchant,06/03/2024,
994,450,,76.18,Utility,16/02/2024,Electricity
995,197,19,313.05,Merchant,25/06/2024,
996,34,153,474.49,P2P,03/12/2024,
997,234,17,600.41,Merchant,08/12/2024,
998,173,,179.84,Utility,01/03/2024,Electricity
999,176,,84.67,Utility,05/02/2024,Electricity
1000,85,,23.44,Utility,05/07/2024,Electricity
1001,373,109,368.37,P2P,18/09/2024,
1002,302,6,131.93,Merchant,16/10/2024,
1003,365,2,381.44,Merchant,08/02/2024,
1004,328,,158.82,Utility,16/05/2024,Water
1005,25,,665.35,Merchant,21/02/2024,
1006,335,25,346.43,P2P,13/12/2024,
1007,214,,88.45,Utility,13/08/2024,Water
1008,130,,146.34,Utility,01/05/2024,Electricity
1009,356,1,308.11,Merchant,11/12/2024,
1010,339,340,262.55,P2P,30/03/2024,
1011,319,5,424.64,Merchant,25/09/2024,
1012,461,262,360.79,P2P,09/09/2024,
1013,61,,40.52,Utility,27/10/2024,Electricity
1014,255,312,103.88,P2P,21/01/2024,
1015,135,7,364.34,Merchant,23/05/2024,
1016,210,,48.87,Utility,05/12/2024,Water
1017,255,353,466.9,P2P,01/10/2024,
1018,170,2,11.31,P2P,09/12/2024,
1019,46,428,289.21,P2P,29/12/2024,
1020,253,487,49.59,P2P,16/05/2024,
1021,262,371,363.17,P2P,28/12/2024,
1022,464,,135.98,Utility,16/10/2024,Gas
1023,152,,103.57,Utility,20/03/2024,Electricity
1024,417,448,24.53,P2P,31/12/2024,
1025,149,,164.29,Utility,29/08/2024,Gas
1026,219,4,104.05,Merchant,21/10/2024,
1027,389,5,426.74,P2P,05/06/2024,
1028,340,6,335.37,Merchant,02/08/2024,
1029,458,,191.92,Utility,20/01/2024,Gas
1030,450,3,378.9,Merchant,14/01/2025,
1031,176,59,203.38,P2P,29/09/2024,
1032,493,,68.93,Utility,19/06/2024,Gas
1033,354,,163.98,Utility,24/06/2024,Water
1034,454,58,70.59,P2P,05/12/2024,
1035,372,483,422.95,P2P,30/09/2024,
1036,54,,184.02,Utility,01/10/2024,Gas
1037,411,15,189.45,Merchant,07/02/2024,
1038,195,,130.04,Utility,09/02/2024,Water
1039,451,5,488.25,Merchant,29/03/2024,
1040,250,455,208.59,P2P,30/11/2024,
1041,24,134,329.21,P2P,05/11/2024,
1042,7,17,769.85,Merchant,27/07/2024,
1043,296,19,231.75,Merchant,12/03/2024,
1044,490,11,523.91,Merchant,24/10/2024,
1045,353,20,104.29,Merchant,27/04/2024,
1046,339,8,487.11,Merchant,16/02/2024,
1047,340,13,157.17,Merchant,22/03/2024,
1048,424,20,64.02,Merchant,05/07/2024,
1049,330,259,425.18,P2P,01/02/2024,
1050,437,,176.49,Utility,01/05/2024,Electricity
1051,385,,77.71,Utility,07/09/2024,Gas
1052,497,,29.06,Utility,01/04/2024,Electricity
1053,282,13,409.24,Merchant,08/10/2024,
1054,121,236,224.87,P2P,29/07/2024,
1055,294,,35.84,Utility,21/06/2024,Gas
1056,229,,41.37,Utility,22/03/2024,Gas
1057,382,1,111.62,Merchant,17/09/2024,
1058,212,286,276.8,P2P,31/10/2024,
1059,423,406,304.08,P2P,07/12/2024,
1060,317,10,891.21,Merchant,05/12/2024,
1061,288,336,337.38,P2P,14/01/2025,
1062,487,,85.4,Utility,16/01/2024,Electricity
1063,419,433,229.96,P2P,14/05/2024,
1064,287,20,478.4,Merchant,30/04/2024,
1065,337,,148.86,Utility,19/08/2024,Electricity
1066,50,8,12.17,Merchant,30/05/2024,
1067,182,10,552.21,Merchant,29/02/2024,
1068,192,4,55.32,Merchant,26/05/2024,
1069,85,,45.28,Utility,14/07/2024,Water
1070,381,14,115.89,Merchant,22/08/2024,
1071,313,97,64.77,P2P,04/12/2024,
1072,437,,58.81,Utility,11/10/2024,Electricity
1073,367,,39.4,Utility,17/02/2024,Gas
1074,24,19,131.99,Merchant,21/08/2024,
1075,457,,102.33,Utility,10/01/2025,Water
1076,490,5,964.22,Merchant,12/07/2024,
1077,3,2,557.69,Merchant,18/02/2024,
1078,222,16,925.13,Merchant,29/02/2024,
1079,400,355,291.38,P2P,05/01/2025,
1080,375,54,196.77,P2P,19/02/2024,
1081,308,11,509.07,Merchant,25/03/2024,
1082,197,,196.31,Utility,24/10/2024,Water
1083,391,141,201.95,P2P,17/02/2024,
1084,176,,101.51,Utility,27/03/2024,Electricity
1085,71,,128.45,Utility,17/05/2024,Water
1086,263,,171.75,Utility,31/08/2024,Water
1087,441,,148.14,Utility,14/09/2024,Water
1088,324,103,108.81,P2P,22/01/2024,
1089,366,,143.59,Utility,07/11/2024,Water
1090,68,6,508.85,Merchant,20/03/2024,
1091,356,11,713.25,Merchant,16/11/2024,
1092,390,,121.21,Utility,19/01/2024,Water
1093,293,14,677.5,Merchant,08/04/2024,
1094,458,10,878.7,Merchant,18/09/2024,
1095,217,268,57.7,P2P,08/06/2024,
1096,196,28,336.78,P2P,11/07/2024,
1097,103,,155.03,Utility,15/02/2024,Electricity
1098,147,9,154.96,Merchant,20/12/2024,
1099,32,10,211.96,Merchant,22/10/2024,
1100,278,184,407.94,P2P,19/04/2024,
1101,53,18,866.19,Merchant,13/05/2024,
1102,381,18,395,Merchant,05/12/2024,
1103,262,10,696.01,Merchant,05/10/2024,
1104,25,,89.76,Utility,20/09/2024,Water
1105,161,2,22.84,Merchant,30/12/2024,
1106,129,318,435.08,P2P,15/12/2024,
1107,441,,169.4,Utility,29/03/2024,Water
1108,361,12,757.56,Merchant,31/10/2024,
1109,280,20,204.5,Merchant,03/11/2024,
1110,372,151,227.16,P2P,27/10/2024,
1111,350,96,481.43,P2P,06/03/2024,
1112,377,4,383.43,Merchant,14/05/2024,
1113,220,,120.19,Utility,04/02/2024,Electricity
1114,83,9,15.59,Merchant,10/06/2024,
1115,239,5,49.54,Merchant,15/10/2024,
1116,476,,127.44,Utility,05/05/2024,Water
1117,316,10,495.65,Merchant,24/03/2024,
1118,294,12,82.15,Merchant,02/05/2024,
1119,363,,114.57,Utility,09/03/2024,Electricity
1120,267,403,255.04,P2P,04/06/2025,
1121,213,18,409.38,Merchant,16/05/2024,
1122,179,453,110.61,P2P,23/06/2024,
1123,170,,84.94,Utility,11/04/2024,Electricity
1124,487,17,480.11,Merchant,04/12/2024,
1125,288,1,123.57,Merchant,28/03/2024,
1126,178,,63.26,Utility,29/04/2024,Water
1127,315,8,959.31,Merchant,23/12/2024,
1128,350,,88.65,Utility,01/04/2024,Electricity
1129,198,,117.24,Utility,23/03/2024,Gas
1130,13,12,519.17,Merchant,08/05/2024,
1131,261,,107.62,Utility,24/04/2024,Gas
1132,460,7,327.11,Merchant,11/10/2024,
1133,43,86,485.96,P2P,03/07/2024,
1134,396,18,17.26,Merchant,26/04/2024,
1135,34,344,316.61,P2P,19/02/2024,
1136,110,14,837.31,Merchant,23/07/2024,
1137,106,14,650.1,Merchant,31/05/2024,
1138,482,383,344.59,P2P,26/08/2024,
1139,13,,149.04,Utility,04/06/2024,Electricity
1140,45,28,93.11,P2P,29/05/2024,
1141,129,3,579.21,Merchant,09/11/2024,
1142,117,,93.37,Utility,20/09/2024,Gas
1143,323,,97.94,Utility,05/08/2024,Electricity
1144,200,4,539.49,Merchant,07/07/2024,
1145,329,20,72.61,Merchant,02/12/2024,
1146,382,2,703.87,Merchant,16/09/2024,
1147,38,,187.05,Utility,07/10/2024,Electricity
1148,149,10,610.5,Merchant,03/12/2024,
1149,145,,88.65,Utility,21/03/2024,Water
1150,16,,48.14,Utility,29/01/2024,Electricity
1151,70,13,798.8,Merchant,04/12/2024,
1152,435,10,960.53,Merchant,29/08/2024,
1153,74,,141.91,Utility,12/06/2024,Water
1154,332,,192.33,Utility,15/03/2024,Electricity
1155,284,5,132,Merchant,10/08/2024,
1156,3,20,400.14,Merchant,22/08/2024,
1157,281,157,108.98,P2P,05/04/2024,
1158,380,12,219.62,Merchant,13/10/2024,
1159,464,17,151.03,Merchant,01/07/2024,
1160,95,316,418.2,P2P,28/05/2024,
1161,100,93,337.13,P2P,21/09/2024,
1162,291,436,376.77,P2P,24/11/2024,
1163,282,,136.04,Utility,05/10/2024,Electricity
1164,149,3,258.18,Merchant,19/11/2024,
1165,102,19,492.32,Merchant,06/05/2024,
1166,170,,43.08,Utility,04/04/2024,Water
1167,121,146,311.66,P2P,26/05/2024,
1168,461,163,245.5,P2P,12/10/2024,
1169,169,10,696.52,Merchant,28/07/2024,
1170,79,19,370.85,Merchant,16/08/2024,
1171,162,,50.36,Utility,02/12/2024,Gas
1172,127,365,371.21,P2P,29/10/2024,
1173,224,,171.22,Utility,18/11/2024,Electricity
1174,348,11,879.11,Merchant,28/04/2024,
1175,237,,84.57,Utility,19/02/2024,Gas
1176,250,4,184.01,Merchant,01/08/2024,
1177,311,431,143.9,P2P,10/11/2024,
1178,424,457,271.62,P2P,05/04/2024,
1179,135,3,730.15,Merchant,24/04/2024,
1180,457,435,256.05,P2P,08/04/2024,
1181,16,19,411.08,Merchant,14/07/2024,
1182,303,465,23.14,P2P,25/04/2024,
1183,134,18,477.38,Merchant,27/01/2024,
1184,397,188,199.29,P2P,07/01/2025,
1185,457,10,142.54,Merchant,28/02/2024,
1186,257,3,402.82,Merchant,02/08/2024,
1187,258,340,123.25,P2P,26/09/2024,
1188,494,6,759.63,Merchant,16/09/2024,
1189,72,,48.66,Utility,27/03/2024,Water
1190,486,5,738.56,Merchant,17/07/2024,
1191,248,,27.28,Utility,09/03/2024,Gas
1192,119,136,187.87,P2P,14/07/2024,
1193,22,7,522.71,Merchant,29/08/2024,
1194,406,,89.86,Utility,19/05/2024,Gas
1195,452,21,490.39,P2P,07/06/2024,
1196,166,361,484.38,P2P,20/08/2024,
1197,325,,170.28,Utility,09/06/2024,Gas
1198,297,19,182.11,Merchant,26/09/2024,
1199,335,,85.75,Utility,30/08/2024,Water
1200,460,265,129.54,P2P,30/12/2024,
1201,499,265,205.89,P2P,28/01/2024,
1202,419,,107.64,Utility,19/05/2024,Gas
1203,455,1,506.82,Merchant,13/10/2024,
1204,72,,49.81,Utility,24/02/2024,Electricity
1205,264,9,219.4,Merchant,15/09/2024,
1206,96,186,303,P2P,02/06/2024,
1207,419,339,119.02,P2P,17/12/2024,
1208,416,,149.65,Utility,29/12/2024,Gas
1209,346,,106.22,Utility,18/01/2024,Water
1210,83,14,32.22,Merchant,16/03/2024,
1211,23,294,298.21,P2P,26/06/2024,
1212,69,17,48.8,Merchant,17/07/2024,
1213,294,29,87.34,P2P,23/05/2024,
1214,473,265,479.33,P2P,24/05/2024,
1215,307,1,879.72,Merchant,22/09/2024,
1216,373,10,947.78,Merchant,30/12/2024,
1217,111,,129.17,Utility,22/02/2024,Gas
1218,445,,50.7,Utility,27/03/2024,Gas
1219,308,407,293.41,P2P,03/01/2025,
1220,393,320,331.53,P2P,02/06/2024,
1221,136,371,344.37,P2P,12/05/2024,
1222,473,,127.38,Utility,18/03/2024,Electricity
1223,118,,89.38,Utility,14/07/2024,Electricity
1224,9,268,430.5,P2P,14/08/2024,
1225,259,14,828.25,Merchant,27/03/2024,
1226,311,91,240.56,P2P,02/11/2024,
1227,315,2,878.98,Merchant,23/01/2024,
1228,273,4,102.26,Merchant,03/07/2024,
1229,338,462,303.72,P2P,24/11/2024,
1230,424,460,469.18,P2P,10/09/2024,
1231,348,14,526.82,Merchant,10/07/2024,
1232,190,358,267.26,P2P,01/09/2024,
1233,118,,162.12,Utility,25/08/2024,Gas
1234,180,19,106.74,Merchant,10/10/2024,
1235,69,,105.89,Utility,01/07/2024,Electricity
1236,466,146,301.15,P2P,24/10/2024,
1237,279,,66.4,Utility,18/06/2024,Electricity
1238,364,1,582.21,Merchant,16/07/2024,
1239,61,1,381.28,Merchant,03/12/2024,
1240,106,11,414.76,Merchant,18/04/2024,
1241,55,219,327.53,P2P,22/04/2024,
1242,130,,173.9,Utility,21/10/2024,Gas
1243,290,,130.14,Utility,07/06/2024,Water
1244,204,212,278.29,P2P,04/09/2024,
1245,286,,52.17,Utility,25/05/2024,Water
1246,285,,65.68,Utility,20/07/2024,Gas
1247,296,,159.36,Utility,04/10/2024,Gas
1248,377,438,432.6,P2P,18/06/2024,
1249,61,8,452.13,Merchant,10/05/2024,
1250,359,52,111.16,P2P,30/01/2024,
1251,206,,164.15,Utility,09/01/2025,Water
1252,357,2,169.13,Merchant,20/12/2024,
1253,494,1,806.33,Merchant,14/04/2024,
1254,422,242,463.3,P2P,06/11/2024,
1255,223,33,135.23,P2P,12/01/2025,
1256,190,312,23.69,P2P,29/12/2024,
1257,197,,130.51,Utility,08/01/2025,Water
1258,147,20,66.89,Merchant,29/07/2024,
1259,397,328,249.71,P2P,25/02/2024,
1260,6,436,330.16,P2P,26/06/2024,
1261,412,10,202.8,Merchant,28/06/2024,
1262,402,17,520.66,Merchant,10/11/2024,
1263,119,6,677.28,Merchant,28/04/2024,
1264,185,336,5.14,P2P,26/08/2024,
1265,81,142,390.94,P2P,18/06/2024,
1266,181,13,411.4,Merchant,01/09/2024,
1267,103,1,739.56,Merchant,26/01/2024,
1268,36,282,145.82,P2P,18/03/2024,
1269,425,19,354.61,Merchant,31/07/2024,
1270,494,,60.73,Utility,19/03/2024,Electricity
1271,233,,123.48,Utility,07/01/2025,Gas
1272,90,,111.12,Utility,10/05/2024,Water
1273,38,10,346.57,Merchant,24/12/2024,
1274,60,,877.35,Merchant,02/09/2024,
1275,417,9,697.25,Merchant,11/10/2024,
1276,495,,121.37,Utility,05/08/2024,Electricity
1277,388,,193.02,Utility,01/04/2024,Gas
1278,349,,181.37,Utility,22/08/2024,Electricity
1279,247,133,38.44,P2P,01/11/2024,
1280,325,347,352.08,P2P,09/03/2024,
1281,410,,94.24,Utility,05/03/2024,Gas
1282,265,1,703.81,Merchant,28/09/2024,
1283,135,148,51.04,P2P,23/05/2024,
1284,345,11,85.27,Merchant,16/11/2024,
1285,477,244,160.37,P2P,04/02/2024,
1286,112,9,190.96,Merchant,19/02/2024,
1287,383,7,504.01,Merchant,14/05/2024,
1288,103,377,124.82,P2P,17/11/2024,
1289,136,118,105.37,P2P,07/11/2024,
1290,128,12,164.44,Merchant,09/03/2024,
1291,55,472,43.85,P2P,21/11/2024,
1292,490,16,617.69,Merchant,28/05/2024,
1293,392,2,849.53,Merchant,11/07/2024,
1294,191,11,497.42,Merchant,16/06/2024,
1295,452,9,495.9,Merchant,19/03/2024,
1296,392,9,403.9,Merchant,11/07/2024,
1297,385,5,63.61,Merchant,15/01/2024,
1298,410,,106.1,Utility,26/09/2024,Water
1299,17,12,399.78,Merchant,12/03/2024,
1300,352,235,488.37,P2P,01/04/2024,
1301,358,15,322.49,Merchant,22/12/2024,
1302,5,346,109.32,P2P,21/03/2024,
1303,298,167,183.99,P2P,11/05/2024,
1304,442,,53.69,Utility,13/05/2024,Gas
1305,122,,104.84,Utility,15/02/2024,Water
1306,176,,53.1,Utility,26/03/2024,Gas
1307,108,,146.13,Utility,15/04/2024,Gas
1308,187,,70.33,Utility,13/12/2024,Electricity
1309,293,295,344.58,P2P,02/04/2024,
1310,417,370,138.62,P2P,02/07/2024,
1311,121,14,857.75,Merchant,19/02/2024,
1312,101,410,479.78,P2P,22/10/2024,
1313,77,,165.02,Utility,19/04/2024,Electricity
1314,216,,44.2,Utility,14/03/2024,Water
1315,265,11,787.48,Merchant,06/10/2024,
1316,154,,121.18,Utility,17/08/2024,Water
1317,25,,37.82,Utility,08/12/2024,Electricity
1318,31,417,130.87,P2P,11/11/2024,
1319,430,4,455.36,Merchant,08/06/2024,
1320,172,,84.97,Utility,16/01/2024,Water
1321,286,,81.95,Utility,18/07/2024,Gas
1322,63,,176.13,Utility,16/03/2024,Water
1323,102,19,653.37,Merchant,27/05/2024,
1324,276,400,145.88,P2P,22/02/2024,
1325,167,17,492.62,Merchant,15/07/2024,
1326,378,,180.13,Utility,15/08/2024,Gas
1327,315,,103.48,Utility,07/10/2024,Electricity
1328,445,328,404.82,P2P,16/06/2024,
1329,173,,133.63,Utility,12/10/2024,Water
1330,208,41,85.19,P2P,06/04/2024,
1331,117,,77.04,Utility,03/01/2025,Gas
1332,364,,128.97,Utility,16/07/2024,Gas
1333,139,,160.58,Utility,30/09/2024,Gas
1334,383,17,965.87,Merchant,09/06/2024,
1335,212,95,427.83,P2P,02/12/2024,
1336,65,8,665.4,Merchant,12/07/2024,
1337,482,3,218.47,Merchant,15/10/2024,
1338,204,49,36.58,P2P,18/04/2024,
1339,450,,118.72,Utility,06/11/2024,Electricity
1340,395,,114.32,Utility,05/01/2025,Electricity
1341,54,,131.26,Utility,21/02/2024,Electricity
1342,336,,75.69,Utility,13/06/2024,Electricity
1343,378,,99.77,Utility,04/03/2024,Electricity
1344,68,6,38.29,Merchant,17/05/2024,
1345,340,,174.87,Utility,06/11/2024,Gas
1346,443,,104.09,Utility,12/01/2025,Water
1347,479,,118.74,Utility,06/03/2024,Electricity
1348,497,18,185.27,Merchant,18/06/2024,
1349,306,,133.59,Utility,10/11/2024,Water
1350,450,14,528.23,Merchant,21/05/2024,
1351,328,10,909.83,Merchant,28/12/2024,
1352,247,8,806.66,Merchant,03/05/2024,
1353,227,,85.84,Utility,28/11/2024,Gas
1354,80,,21.9,Utility,03/10/2024,Water
1355,418,177,146.95,P2P,24/10/2024,
1356,274,,461.43,P2P,18/12/2024,
1357,485,,73.93,Utility,27/06/2024,Gas
1358,409,,127.46,Utility,02/09/2024,Electricity
1359,281,,53.94,Utility,15/06/2024,Water
1360,224,,64.98,Utility,09/08/2024,Water
1361,378,13,830.14,Merchant,11/02/2024,
1362,113,,34.26,Utility,28/05/2024,Water
1363,123,20,809.5,Merchant,22/07/2024,
1364,351,,71.24,Utility,01/10/2024,Water
1365,273,,94.32,Utility,28/10/2024,Electricity
1366,94,149,59.63,P2P,29/08/2024,
1367,234,15,279.41,Merchant,25/01/2024,
1368,319,,53.8,Utility,10/04/2024,Electricity
1369,78,497,269.81,P2P,23/12/2024,
1370,96,145,138.25,P2P,07/09/2024,
1371,367,,150.88,Utility,24/03/2024,Electricity
1372,47,8,249.32,P2P,08/11/2024,
1373,176,,76.08,Utility,15/04/2024,Gas
1374,191,,145.45,Utility,06/06/2024,Electricity
1375,170,432,376.53,P2P,03/06/2024,
1376,75,137,388.95,P2P,25/05/2024,
1377,37,16,189.79,Merchant,27/07/2024,
1378,459,,167.11,Utility,29/11/2024,Electricity
1379,63,8,390.95,Merchant,15/01/2024,
1380,500,,64.49,Utility,08/09/2024,Electricity
1381,102,,152.36,Utility,03/09/2024,Electricity
1382,267,7,478.1,Merchant,01/11/2024,
1383,349,,188.52,Utility,17/06/2024,Electricity
1384,323,2,747.28,Merchant,04/01/2025,
1385,282,4,260.78,Merchant,14/02/2024,
1386,327,,55.77,Utility,21/09/2024,Electricity
1387,443,7,973.54,Merchant,13/04/2024,
1388,121,14,331.27,Merchant,08/03/2024,
1389,86,,125.25,Utility,27/07/2024,Gas
1390,405,5,484.57,P2P,28/03/2024,
1391,298,16,691.52,Merchant,01/02/2024,
1392,80,,158.74,Utility,06/04/2024,Electricity
1393,81,,36.45,Utility,11/05/2024,Water
1394,174,2,69.18,Merchant,02/07/2024,
1395,331,360,270.49,P2P,20/02/2024,
1396,55,250,120.17,P2P,25/05/2024,
1397,286,12,807.47,Merchant,12/06/2024,
1398,225,7,31.14,Merchant,25/09/2024,
1399,194,,150.39,Utility,24/03/2024,Gas
1400,461,249,354.78,P2P,28/06/2024,
1401,287,,117.69,Utility,13/03/2024,Gas
1402,98,6,548.18,Merchant,04/05/2024,
1403,166,15,282.57,Merchant,14/05/2024,
1404,426,18,168.74,Merchant,13/06/2024,
1405,272,231,151.36,P2P,03/10/2024,
1406,135,12,459.54,Merchant,28/11/2024,
1407,398,17,385.25,Merchant,19/07/2024,
1408,95,318,429.13,P2P,28/01/2024,
1409,398,8,327.49,Merchant,25/04/2024,
1410,33,18,820.86,Merchant,26/06/2024,
1411,98,16,768.08,Merchant,24/03/2024,
1412,79,10,329.37,Merchant,18/03/2024,
1413,329,,39.88,Utility,17/06/2024,Water
1414,338,23,418.42,P2P,05/10/2024,
1415,67,448,20.48,P2P,02/08/2024,
1416,55,,54.49,Utility,03/12/2024,Electricity
1417,293,13,661.34,Merchant,25/02/2024,
1418,270,19,263.38,Merchant,13/07/2024,
1419,188,311,360.33,P2P,23/11/2024,
1420,7,336,248.25,P2P,16/02/2024,
1421,456,240,401.5,P2P,28/05/2024,
1422,32,,120.44,Utility,07/10/2024,Gas
1423,421,,162.96,Utility,25/10/2024,Electricity
1424,422,9,533.73,Merchant,23/02/2024,
1425,376,428,155.43,P2P,25/09/2024,
1426,484,492,262.15,P2P,14/12/2024,
1427,52,8,536.34,Merchant,20/06/2024,
1428,98,270,330.15,P2P,22/11/2024,
1429,292,6,562.84,Merchant,23/11/2024,
1430,286,,154.3,Utility,19/01/2024,Water
1431,296,,141.41,Utility,17/03/2024,Water
1432,341,,178.91,Utility,17/05/2024,Electricity
1433,406,282,203.77,P2P,04/03/2024,
1434,173,6,538.56,Merchant,25/08/2024,
1435,308,,188.03,Utility,29/07/2024,Gas
1436,282,,172.07,Utility,12/06/2024,Gas
1437,392,14,827.89,Merchant,07/10/2024,
1438,166,8,567.51,Merchant,09/07/2024,
1439,110,,157.83,Utility,19/01/2024,Water
1440,131,,193.1,Utility,21/07/2024,Gas
1441,492,,20.04,Utility,24/09/2024,Electricity
1442,146,1,522.43,Merchant,01/10/2024,
1443,456,,21.18,Utility,19/06/2024,Electricity
1444,110,,23.91,Utility,27/06/2024,Water
1445,422,,185.44,Utility,09/11/2024,Water
1446,285,19,163.17,Merchant,05/02/2024,
1447,20,,84.02,Utility,11/05/2024,Electricity
1448,136,,180.13,Utility,28/06/2024,Electricity
1449,120,,165.99,Utility,24/04/2024,Electricity
1450,293,,122.43,Utility,29/10/2024,Electricity
1451,376,371,165.72,P2P,17/09/2024,
1452,248,250,413.72,P2P,29/02/2024,
1453,354,19,821.32,Merchant,05/09/2024,
1454,49,10,47,Merchant,23/11/2024,
1455,414,13,87.69,Merchant,21/11/2024,
1456,29,,82.63,Utility,01/01/2025,Gas
1457,214,446,386.34,P2P,07/07/2024,
1458,383,20,929.37,Merchant,27/07/2024,
1459,325,13,63.59,Merchant,07/06/2024,
1460,269,164,272.27,P2P,13/11/2024,
1461,77,,110.43,Utility,16/07/2024,Electricity
1462,79,345,367.13,P2P,17/10/2024,
1463,202,,155.51,Utility,24/05/2024,Water
1464,259,114,218.81,P2P,07/12/2024,
1465,403,,46.64,Utility,09/08/2024,Gas
1466,43,,122.86,Utility,04/06/2024,Electricity
1467,281,,67.26,Utility,27/02/2024,Gas
1468,257,,159.29,Utility,15/11/2024,Electricity
1469,391,247,281.85,P2P,24/03/2024,
1470,250,,137.4,Utility,27/06/2024,Electricity
1471,288,17,253.78,Merchant,08/08/2024,
1472,37,,159.82,Utility,05/11/2024,Gas
1473,351,3,121.4,Merchant,11/06/2024,
1474,212,,85.75,Utility,17/12/2024,Electricity
1475,165,,126.9,Utility,03/10/2024,Electricity
1476,395,,50.47,Utility,15/02/2024,Gas
1477,316,,132.17,Utility,13/03/2024,Gas
1478,23,103,344.25,P2P,17/01/2024,
1479,80,3,121.25,Merchant,24/05/2024,
1480,28,486,312.4,P2P,11/01/2025,
1481,76,,22.47,Utility,15/10/2024,Water
1482,412,157,227.78,P2P,31/08/2024,
1483,12,,57.62,Utility,24/04/2024,Water
1484,109,280,264.02,P2P,31/03/2024,
1485,133,16,626.81,Merchant,01/08/2024,
1486,73,1,382.84,Merchant,25/11/2024,
1487,464,17,53.05,Merchant,09/09/2024,
1488,88,146,104.34,P2P,23/10/2024,
1489,357,9,62.55,Merchant,18/12/2024,
1490,336,35,197.38,P2P,09/07/2024,
1491,139,12,865.64,Merchant,01/07/2024,
1492,10,,176.13,Utility,02/02/2024,Water
1493,198,195,256.73,P2P,13/07/2024,
1494,364,463,161.15,P2P,03/05/2024,
1495,444,18,97.14,Merchant,30/01/2024,
1496,102,15,565.08,Merchant,02/03/2024,
1497,365,21,127.46,P2P,17/12/2024,
1498,272,,80.04,Utility,23/07/2024,Gas
1499,382,10,176.66,P2P,11/07/2024,
1500,181,,132.54,Utility,05/06/2024,Electricity
1501,257,,166.14,Utility,03/02/2024,Water
1502,132,,180.27,Utility,25/12/2024,Electricity
1503,484,9,233.33,Merchant,03/09/2024,
1504,175,,138.25,Utility,07/10/2024,Electricity
1505,374,,113.73,Utility,06/06/2024,Water
1506,314,8,423.16,Merchant,21/04/2024,
1507,294,219,485.42,P2P,28/06/2024,
1508,466,11,454.68,Merchant,25/05/2024,
1509,68,335,73.6,P2P,03/10/2024,
1510,278,7,863.96,Merchant,09/05/2024,
1511,159,17,910.47,Merchant,07/11/2024,
1512,221,336,466.85,P2P,28/11/2024,
1513,470,163,38.57,P2P,24/01/2024,
1514,273,4,192.29,Merchant,12/08/2024,
1515,430,373,19.59,P2P,27/04/2024,
1516,164,,193.02,Utility,24/03/2024,Gas
1517,227,9,160.44,Merchant,07/05/2024,
1518,97,68,96.45,P2P,01/06/2024,
1519,391,20,274.19,Merchant,24/06/2024,
1520,291,8,600.4,Merchant,21/01/2024,
1521,119,1,365.67,Merchant,06/07/2024,
1522,353,,44.14,Utility,20/05/2024,Water
1523,241,12,192.14,Merchant,09/05/2024,
1524,199,,105.29,Utility,17/09/2024,Electricity
1525,99,17,207.25,P2P,28/01/2024,
1526,497,474,138.58,P2P,02/09/2024,
1527,212,381,337.31,P2P,27/02/2024,
1528,104,34,92.65,P2P,01/06/2024,
1529,489,,176.08,Utility,25/10/2024,Gas
1530,353,,176.02,Utility,29/01/2024,Electricity
1531,219,,159.72,Utility,08/08/2024,Water
1532,377,,149.64,Utility,27/10/2024,Gas
1533,314,19,597.87,Merchant,16/06/2024,
1534,269,2,525.44,Merchant,20/04/2024,
1535,232,,168.86,Utility,23/03/2024,Electricity
1536,450,266,271.25,P2P,16/02/2024,
1537,377,286,196.76,P2P,09/08/2024,
1538,392,2,197.95,Merchant,20/02/2024,
1539,226,,179.19,Utility,03/03/2024,Gas
1540,237,217,150.74,P2P,23/10/2024,
1541,471,354,260.9,P2P,11/03/2024,
1542,73,,169.38,Utility,16/09/2024,Gas
1543,47,17,122.04,Merchant,24/07/2024,
1544,399,18,143.95,Merchant,30/06/2024,
1545,212,,101.16,Utility,26/12/2024,Electricity
1546,233,7,883.72,Merchant,30/04/2024,
1547,47,,78.33,Utility,28/05/2024,Water
1548,465,6,721.19,Merchant,10/07/2024,
1549,64,59,354.58,P2P,08/10/2024,
1550,325,,35.36,Utility,10/09/2024,Water
1551,197,17,615.95,Merchant,18/04/2024,
1552,82,,119.06,Utility,05/01/2025,Electricity
1553,394,468,170.92,P2P,30/11/2024,
1554,447,5,170.5,Merchant,30/12/2024,
1555,75,394,357.46,P2P,04/12/2024,
1556,215,,75.71,Utility,11/01/2025,Gas
1557,148,6,126.38,Merchant,25/10/2024,
1558,68,2,313.17,P2P,28/11/2024,
1559,130,235,251.33,P2P,05/08/2024,
1560,256,1,611.9,Merchant,23/08/2024,
1561,253,112,296.49,P2P,11/07/2024,
1562,244,,93.83,Utility,30/01/2024,Electricity
1563,308,1,252.27,Merchant,13/02/2024,
1564,281,,131.56,Utility,20/05/2024,Water
1565,420,26,96.5,P2P,07/06/2024,
1566,29,12,46.35,Merchant,29/01/2024,
1567,438,342,291.16,P2P,11/03/2024,
1568,309,,79.6,Utility,07/09/2024,Electricity
1569,26,214,496.9,P2P,22/10/2024,
1570,83,10,614.98,Merchant,18/09/2024,
1571,355,20,576.56,Merchant,25/11/2024,
1572,288,495,230.39,P2P,22/12/2024,
1573,297,,187.67,Utility,23/02/2024,Electricity
1574,394,,78.11,Utility,11/06/2024,Gas
1575,420,389,216.53,P2P,01/08/2024,
1576,282,150,238.05,P2P,22/10/2024,
1577,63,9,335.92,Merchant,14/02/2024,
1578,212,7,698.87,Merchant,25/05/2024,
1579,314,56,287.83,P2P,09/01/2025,
1580,323,3,488.83,Merchant,18/09/2024,
1581,353,10,432.78,Merchant,31/10/2024,
1582,435,,66.74,Utility,11/05/2024,Water
1583,320,,186.88,Utility,27/06/2024,Water
1584,289,,113.55,Utility,18/06/2024,Water
1585,255,,165.44,Utility,23/01/2024,Water
1586,120,10,979.47,Merchant,26/03/2024,
1587,1,13,235.12,P2P,31/10/2024,
1588,408,378,424.79,P2P,23/04/2024,
1589,410,14,419.9,Merchant,21/10/2024,
1590,171,,120.87,Utility,24/09/2024,Water
1591,109,328,104.59,P2P,29/10/2024,
1592,145,,162.24,Utility,22/12/2024,Gas
1593,154,18,330.68,Merchant,14/02/2024,
1594,4,352,169.98,P2P,05/12/2024,
1595,203,19,619.83,Merchant,03/01/2025,
1596,15,100,168.6,P2P,01/07/2024,
1597,174,16,917,Merchant,29/02/2024,
1598,409,331,72.2,P2P,18/11/2024,
1599,80,15,893.14,Merchant,29/03/2024,
1600,275,,103.24,Utility,23/08/2024,Gas
1601,476,2,836.75,Merchant,25/04/2024,
1602,154,11,559.63,Merchant,11/05/2024,
1603,10,296,344.32,P2P,10/09/2024,
1604,410,,31.92,Utility,01/08/2024,Electricity
1605,144,174,491.89,P2P,11/08/2024,
1606,321,6,575.27,Merchant,11/12/2024,
1607,200,305,62.84,P2P,18/11/2024,
1608,401,,146.95,Utility,18/04/2024,Gas
1609,364,140,209.87,P2P,10/10/2024,
1610,255,191,228.69,P2P,20/11/2024,
1611,487,,58.91,Utility,02/02/2024,Gas
1612,90,192,393.55,P2P,08/06/2024,
1613,399,468,50.84,P2P,24/08/2024,
1614,260,410,243.92,P2P,16/07/2024,
1615,257,98,173.36,P2P,07/04/2024,
1616,248,17,317.26,Merchant,05/11/2024,
1617,168,394,436.54,P2P,12/01/2025,
1618,421,5,213.14,Merchant,02/07/2024,
1619,19,,89.77,Utility,30/04/2024,Water
1620,60,160,466.51,P2P,31/10/2024,
1621,352,3,339.96,Merchant,08/10/2024,
1622,456,53,262.69,P2P,12/11/2024,
1623,338,10,32.26,Merchant,27/03/2024,
1624,389,,134.99,Utility,01/05/2024,Electricity
1625,165,99,146.85,P2P,27/07/2024,
1626,273,,159.1,Utility,01/10/2024,Water
1627,61,,46.88,Utility,01/02/2024,Gas
1628,59,491,313.36,P2P,05/09/2024,
1629,264,106,273.55,P2P,17/06/2024,
1630,282,,68.79,Utility,02/01/2025,Water
1631,412,,123.33,Utility,25/03/2024,Electricity
1632,37,,130.39,Utility,04/10/2024,Gas
1633,277,,29.13,Utility,04/05/2024,Electricity
1634,242,2,114.87,Merchant,29/04/2024,
1635,28,219,199,P2P,16/01/2024,
1636,361,19,633.18,Merchant,21/06/2024,
1637,354,15,620.15,Merchant,04/04/2024,
1638,160,,167.14,Utility,22/01/2024,Water
1639,389,18,87.76,Merchant,13/11/2024,
1640,473,,122.2,Utility,23/06/2024,Electricity
1641,417,15,106.29,Merchant,26/09/2024,
1642,159,15,475.84,Merchant,05/03/2024,
1643,486,74,431.24,P2P,30/04/2024,
1644,316,,184.32,Utility,27/04/2024,Gas
1645,94,11,790.89,Merchant,12/07/2024,
1646,452,,101.59,Utility,03/09/2024,Electricity
1647,34,,40.32,Utility,16/11/2024,Gas
1648,237,145,385.13,P2P,17/09/2024,
1649,310,5,512.87,Merchant,17/05/2024,
1650,208,4,332.61,Merchant,21/02/2024,
1651,333,406,154.55,P2P,09/04/2024,
1652,237,,126.3,Utility,11/04/2024,Electricity
1653,318,281,83.72,P2P,22/01/2024,
1654,247,,31.89,Utility,16/10/2024,Electricity
1655,417,19,436.84,Merchant,20/05/2024,
1656,223,11,549.08,Merchant,09/04/2024,
1657,121,340,336.45,P2P,08/02/2024,
1658,379,19,838.38,Merchant,08/09/2024,
1659,59,20,468.28,Merchant,05/05/2024,
1660,285,421,225.38,P2P,23/10/2024,
1661,158,,32.53,Utility,17/10/2024,Electricity
1662,351,13,334.13,Merchant,07/09/2024,
1663,331,2,99.63,Merchant,01/12/2024,
1664,419,455,292.48,P2P,11/07/2024,
1665,387,1,759.51,Merchant,30/08/2024,
1666,339,232,267.97,P2P,26/06/2024,
1667,200,19,452.69,Merchant,17/09/2024,
1668,106,11,306.74,Merchant,02/09/2024,
1669,407,10,919.32,Merchant,21/05/2024,
1670,480,,149.2,Utility,12/08/2024,Gas
1671,46,1,615.38,Merchant,14/06/2024,
1672,262,,172.57,Utility,17/07/2024,Gas
1673,32,,182.19,Utility,10/01/2025,Electricity
1674,1,18,822.55,Merchant,18/08/2024,
1675,184,441,144.69,P2P,19/01/2024,
1676,16,222,352.6,P2P,27/05/2024,
1677,202,11,714.66,Merchant,26/05/2024,
1678,208,,98.33,Utility,18/05/2024,Electricity
1679,340,244,73.84,P2P,28/05/2024,
1680,285,,171.8,Utility,29/11/2024,Gas
1681,431,,47.77,Utility,05/07/2024,Water
1682,65,6,40.51,P2P,13/03/2024,
1683,9,370,443.02,P2P,12/07/2024,
1684,337,,195.5,Utility,11/12/2024,Electricity
1685,44,329,403.94,P2P,29/10/2024,
1686,441,,180.84,Utility,26/07/2024,Water
1687,310,,132.18,Utility,05/04/2024,Gas
1688,261,,119.37,Utility,08/08/2024,Gas
1689,197,,60.63,Utility,11/10/2024,Gas
1690,310,296,251.59,P2P,21/03/2024,
1691,375,365,253.36,P2P,02/10/2024,
1692,211,19,373.3,Merchant,14/06/2024,
1693,20,16,707.83,Merchant,23/04/2024,
1694,58,16,962.12,Merchant,19/06/2024,
1695,41,374,366.99,P2P,27/01/2024,
1696,440,,103.69,Utility,27/09/2024,Electricity
1697,268,3,252.78,Merchant,10/12/2024,
1698,323,3,687.23,Merchant,23/08/2024,
1699,277,10,616.91,Merchant,14/02/2024,
1700,463,,116.31,Utility,16/09/2024,Electricity
1701,241,,112.28,Utility,21/07/2024,Gas
1702,294,11,426.81,Merchant,19/08/2024,
1703,492,,72.06,Utility,28/05/2024,Electricity
1704,356,10,729.7,Merchant,16/02/2024,
1705,289,,31.06,Utility,04/04/2024,Gas
1706,297,294,30.55,P2P,31/10/2024,
1707,150,20,37.03,Merchant,07/08/2024,
1708,249,65,255.27,P2P,06/06/2024,
1709,436,,65.37,Utility,12/05/2024,Water
1710,144,,174.41,Utility,07/05/2024,Electricity
1711,380,310,91.43,P2P,01/11/2024,
1712,303,5,662.56,Merchant,16/05/2024,
1713,190,134,392.35,P2P,08/07/2024,
1714,121,,52.55,Utility,02/10/2024,Water
1715,442,176,492.12,P2P,14/07/2024,
1716,496,305,467.3,P2P,26/01/2024,
1717,79,,155.5,Utility,15/03/2024,Gas
1718,395,,62.83,Utility,13/09/2024,Gas
1719,372,6,218.75,Merchant,29/08/2024,
1720,376,,29.78,Utility,19/03/2024,Gas
1721,387,27,87.96,P2P,13/09/2024,
1722,205,,74.25,Utility,30/05/2024,Water
1723,486,8,386,Merchant,21/08/2024,
1724,362,,105.43,Utility,30/06/2024,Electricity
1725,272,,22.14,Utility,24/06/2024,Gas
1726,196,11,962.15,Merchant,07/11/2024,
1727,350,50,459.27,P2P,24/01/2024,
1728,327,,192.11,Utility,01/11/2024,Gas
1729,313,9,341.62,Merchant,04/05/2024,
1730,137,131,328.9,P2P,18/08/2024,
1731,201,,159.17,Utility,29/10/2024,Water
1732,124,19,772.79,Merchant,23/07/2024,
1733,267,,141.99,Utility,15/04/2024,Electricity
1734,161,1,676.07,Merchant,08/06/2024,
1735,426,7,208.57,P2P,06/01/2025,
1736,269,351,225.74,P2P,10/08/2024,
1737,113,10,259.38,Merchant,06/03/2024,
1738,18,318,50.51,P2P,09/06/2024,
1739,481,7,950.98,Merchant,06/09/2024,
1740,327,363,479.11,P2P,09/12/2024,
1741,45,5,382.2,Merchant,02/03/2024,
1742,392,19,805.17,Merchant,21/02/2024,
1743,95,357,96.21,P2P,16/06/2024,
1744,151,,138.89,Utility,08/04/2024,Electricity
1745,328,,186.09,Utility,06/04/2024,Gas
1746,394,,144.6,Utility,26/02/2024,Water
1747,395,,66.32,Utility,23/08/2024,Electricity
1748,142,196,197.35,P2P,06/05/2024,
1749,31,,192.01,Utility,24/03/2024,Gas
1750,92,,32.49,Utility,15/12/2024,Electricity
1751,313,,52.12,Utility,16/03/2024,Gas
1752,56,277,385.51,P2P,07/11/2024,
1753,112,4,913.48,Merchant,11/11/2024,
1754,367,,38.59,Utility,26/10/2024,Electricity
1755,37,9,779.46,Merchant,18/06/2024,
1756,10,,46.79,Utility,15/08/2024,Water
1757,1,341,198.29,P2P,21/06/2024,
1758,78,11,905.57,Merchant,30/05/2024,
1759,295,264,355.26,P2P,01/11/2024,
1760,395,,106.07,Utility,08/04/2024,Gas
1761,433,3,544.73,Merchant,25/06/2024,
1762,2,,191.75,Utility,29/12/2024,Gas
1763,63,18,935.69,Merchant,03/09/2024,
1764,184,,142.73,Utility,02/05/2024,Gas
1765,29,3,371.7,Merchant,18/05/2024,
1766,437,,34.48,Utility,09/11/2024,Gas
1767,390,,136.6,Utility,04/06/2024,Electricity
1768,284,496,195.16,P2P,15/09/2024,
1769,98,,145.26,Utility,25/02/2024,Electricity
1770,323,12,491.64,Merchant,28/09/2024,
1771,454,15,737.97,Merchant,23/12/2024,
1772,72,99,17.56,P2P,07/10/2024,
1773,304,251,197.44,P2P,16/09/2024,
1774,406,10,504.69,Merchant,05/11/2024,
1775,495,,193.98,Utility,18/09/2024,Electricity
1776,19,,30.09,Utility,17/05/2024,Water
1777,22,,41.27,Utility,28/07/2024,Water
1778,342,15,940.69,Merchant,10/08/2024,
1779,446,5,743.64,Merchant,08/08/2024,
1780,120,19,369.05,P2P,15/06/2024,
1781,251,1,476.51,Merchant,11/04/2024,
1782,471,2,250.26,Merchant,13/12/2024,
1783,333,8,90.26,P2P,19/06/2024,
1784,26,,167.73,Utility,25/07/2024,Electricity
1785,234,6,837,Merchant,03/11/2024,
1786,33,59,251.09,P2P,13/07/2024,
1787,410,8,72.48,Merchant,05/05/2024,
1788,104,,80.72,Utility,30/11/2024,Water
1789,348,,78.36,Utility,08/01/2025,Water
1790,295,5,328.37,Merchant,07/07/2024,
1791,494,392,27.57,P2P,15/03/2024,
1792,89,,31.38,Utility,07/01/2025,Gas
1793,73,,50.25,Utility,19/12/2024,Gas
1794,284,225,125.6,P2P,23/03/2024,
1795,298,69,54.48,P2P,18/06/2024,
1796,434,20,382.37,Merchant,06/05/2024,
1797,81,451,246.05,P2P,16/01/2024,
1798,4,92,463.44,P2P,08/08/2024,
1799,362,19,888.05,Merchant,02/12/2024,
1800,214,16,695.43,Merchant,23/05/2024,
1801,106,328,139.12,P2P,06/11/2024,
1802,231,,63.07,Utility,13/07/2024,Electricity
1803,313,,600.31,Merchant,25/09/2024,
1804,368,,130.17,Utility,21/03/2024,Electricity
1805,322,,82.61,Utility,06/10/2024,Electricity
1806,286,99,63.17,P2P,01/01/2025,
1807,272,317,184.14,P2P,22/02/2024,
1808,390,17,227.08,Merchant,11/06/2024,
1809,395,7,283.66,Merchant,27/08/2024,
1810,100,408,78.86,P2P,24/09/2024,
1811,433,,109.55,Utility,25/06/2024,Electricity
1812,344,28,324.21,P2P,25/06/2024,
1813,146,223,129.43,P2P,22/06/2024,
1814,316,,27.8,Utility,28/03/2024,Water
1815,27,6,166.47,Merchant,18/09/2024,
1816,15,,112.68,Utility,26/01/2024,Electricity
1817,459,370,225.19,P2P,11/09/2024,
1818,297,,95.43,Utility,11/04/2024,Water
1819,347,,61.41,Utility,08/03/2024,Electricity
1820,167,51,122.37,P2P,07/09/2024,
1821,212,193,446.23,P2P,11/09/2024,
1822,38,,125.32,Utility,28/07/2024,Electricity
1823,456,,46.09,Utility,15/02/2024,Water
1824,233,199,189.88,P2P,03/09/2024,
1825,235,7,635.7,Merchant,23/08/2024,
1826,500,,56.4,Utility,25/10/2024,Electricity
1827,17,19,69.06,Merchant,21/06/2024,
1828,70,437,235.44,P2P,23/01/2024,
1829,215,390,175.07,P2P,20/05/2024,
1830,454,,128.65,Utility,07/09/2024,Water
1831,488,6,582.34,Merchant,21/04/2024,
1832,284,45,208.79,P2P,19/03/2024,
1833,268,,175.2,Utility,23/08/2024,Electricity
1834,303,,170.66,Utility,13/09/2024,Gas
1835,8,14,738.82,Merchant,16/07/2024,
1836,127,168,219.95,P2P,06/10/2024,
1837,114,5,914.62,Merchant,19/02/2024,
1838,460,214,490.19,P2P,06/06/2024,
1839,21,,152.03,Utility,23/01/2024,Water
1840,18,,115.6,Utility,29/10/2024,Gas
1841,415,4,457.92,Merchant,04/09/2024,
1842,124,286,377.77,P2P,23/12/2024,
1843,355,14,950.43,Merchant,16/11/2024,
1844,68,,73.24,Utility,25/09/2024,Water
1845,47,246,336.17,P2P,14/06/2024,
1846,83,15,859.34,Merchant,16/08/2024,
1847,383,1,976.66,Merchant,31/07/2024,
1848,238,448,353.05,P2P,15/12/2024,
1849,95,,132.83,Utility,29/03/2024,Water
1850,325,441,315.52,P2P,10/12/2024,
1851,198,11,535.61,Merchant,03/01/2025,
1852,152,,155.52,Utility,17/03/2024,Water
1853,485,18,579.48,Merchant,10/07/2024,
1854,107,3,624.25,Merchant,06/06/2024,
1855,172,2,519.59,Merchant,21/10/2024,
1856,466,12,889.1,Merchant,19/12/2024,
1857,57,,85.81,Utility,16/04/2024,Water
1858,21,,85.96,Utility,23/03/2024,Water
1859,287,3,565.15,Merchant,16/07/2024,
1860,397,71,490.72,P2P,12/01/2025,
1861,123,4,652.55,Merchant,17/10/2024,
1862,378,7,755.64,Merchant,06/01/2025,
1863,390,165,179.59,P2P,01/04/2024,
1864,137,14,284.37,Merchant,19/05/2024,
1865,33,,82.14,Utility,06/03/2024,Gas
1866,257,4,475.46,Merchant,07/05/2024,
1867,273,18,900.46,Merchant,09/02/2024,
1868,232,12,801.9,Merchant,27/12/2024,
1869,485,3,196.47,Merchant,26/01/2024,
1870,453,,35.72,Utility,04/04/2024,Gas
1871,460,148,479.34,P2P,26/08/2024,
1872,40,85,141.59,P2P,12/07/2024,
1873,357,255,79.5,P2P,11/07/2024,
1874,105,1,300.24,Merchant,19/04/2024,
1875,497,18,932.4,Merchant,06/10/2024,
1876,243,,95.62,Utility,05/09/2024,Water
1877,331,150,98.59,P2P,05/07/2024,
1878,12,428,473.99,P2P,17/04/2024,
1879,331,,94.1,Utility,19/11/2024,Gas
1880,336,11,491.29,Merchant,23/03/2024,
1881,341,17,843.49,Merchant,12/07/2024,
1882,228,,74.73,Utility,27/07/2024,Electricity
1883,460,,50.91,Utility,20/09/2024,Gas
1884,117,,86.94,Utility,27/02/2024,Gas
1885,395,76,179.79,P2P,22/11/2024,
1886,234,317,462.45,P2P,05/09/2024,
1887,365,10,190.46,Merchant,05/12/2024,
1888,90,5,169.64,Merchant,22/05/2024,
1889,60,163,289.39,P2P,18/12/2024,
1890,226,,86.54,Utility,06/01/2025,Electricity
1891,288,2,668.9,Merchant,01/01/2025,
1892,177,191,226.97,P2P,16/03/2024,
1893,500,274,154.27,P2P,19/04/2024,
1894,472,208,465.88,P2P,12/07/2024,
1895,394,486,231.73,P2P,21/10/2024,
1896,164,3,485.22,P2P,11/02/2024,
1897,280,11,650.77,Merchant,17/01/2024,
1898,152,,181.28,Utility,31/10/2024,Water
1899,342,410,284.79,P2P,27/01/2024,
1900,465,,80.96,Utility,05/10/2024,Electricity
1901,375,,182.03,Utility,03/10/2024,Electricity
1902,348,4,315,Merchant,20/06/2024,
1903,206,8,451.51,Merchant,16/12/2024,
1904,48,,29.91,Utility,03/08/2024,Water
1905,100,17,229.92,Merchant,15/07/2024,
1906,480,,55.23,Utility,14/12/2024,Electricity
1907,276,,141.87,Utility,12/06/2024,Electricity
1908,500,13,202.51,Merchant,11/02/2024,
1909,163,20,516.44,Merchant,14/11/2024,
1910,29,12,403.58,Merchant,24/06/2024,
1911,367,,86.53,Utility,24/04/2024,Gas
1912,7,,82.09,Utility,23/12/2024,Gas
1913,229,3,223.54,Merchant,19/10/2024,
1914,455,,153.47,Utility,10/08/2024,Gas
1915,412,,71.95,Utility,01/03/2024,Water
1916,497,,151.15,Utility,18/10/2024,Gas
1917,72,20,95.22,Merchant,11/11/2024,
1918,107,,105.43,Utility,06/09/2024,Water
1919,172,478,480.25,P2P,22/09/2024,
1920,388,,35.92,Utility,09/08/2024,Gas
1921,328,,94.61,Utility,18/10/2024,Water
1922,237,19,757.69,Merchant,24/01/2024,
1923,71,96,416.98,P2P,03/07/2024,
1924,149,16,51.81,Merchant,19/07/2024,
1925,424,,170.23,Utility,01/12/2024,Gas
1926,253,15,232.28,Merchant,22/10/2024,
1927,406,79,135.03,P2P,07/02/2024,
1928,490,16,132.94,Merchant,07/05/2024,
1929,341,,95.09,Utility,25/11/2024,Gas
1930,465,8,38.16,Merchant,17/06/2024,
1931,392,,108.75,Utility,25/01/2025,Electricity
1932,307,12,585.26,Merchant,29/11/2024,
1933,290,,176.3,Utility,22/10/2024,Water
1934,352,,195.37,Utility,08/11/2024,Electricity
1935,192,19,27.37,Merchant,30/01/2024,
1936,133,298,33.96,P2P,04/06/2024,
1937,164,,178.1,Utility,18/06/2024,Electricity
1938,183,28,139.97,P2P,19/10/2024,
1939,215,12,58.23,Merchant,09/01/2025,
1940,150,3,518.73,Merchant,31/07/2024,
1941,393,6,767.04,Merchant,15/09/2024,
1942,307,279,164.69,P2P,23/09/2024,
1943,162,10,278.74,Merchant,03/07/2024,
1944,358,12,104.88,Merchant,29/06/2024,
1945,297,,168.2,Utility,15/11/2024,Electricity
1946,71,10,379.28,Merchant,03/03/2024,
1947,249,,81.26,Utility,24/02/2024,Electricity
1948,53,80,254.17,P2P,11/03/2024,
1949,426,408,449.04,P2P,08/12/2024,
1950,315,17,847.61,Merchant,25/04/2024,
1951,365,4,423.17,Merchant,04/11/2024,
1952,470,60,410.33,P2P,30/11/2024,
1953,473,246,177.36,P2P,27/08/2024,
1954,354,,45.02,Utility,02/11/2024,Gas
1955,456,17,765.95,Merchant,17/11/2024,
1956,176,364,155.82,P2P,27/02/2024,
1957,382,114,68.71,P2P,21/10/2024,
1958,356,353,117.15,P2P,20/03/2024,
1959,65,67,490.65,P2P,05/06/2024,
1960,218,4,86.96,Merchant,23/06/2024,
1961,397,,156.32,Utility,25/09/2024,Electricity
1962,101,17,397.56,P2P,25/05/2024,
1963,263,2,474.39,Merchant,10/03/2024,
1964,466,,27.79,Utility,03/01/2025,Gas
1965,342,387,52.77,P2P,18/04/2024,
1966,64,7,591.73,Merchant,18/11/2024,
1967,103,344,179.01,P2P,20/07/2024,
1968,47,434,374.37,P2P,05/04/2024,
1969,143,12,358.68,Merchant,26/04/2024,
1970,438,20,249.4,Merchant,21/02/2024,
1971,292,51,410.7,P2P,22/05/2024,
1972,391,271,112.41,P2P,20/09/2024,
1973,99,,50.92,Utility,10/10/2024,Water
1974,3,4,924.99,Merchant,12/02/2024,
1975,472,16,372.8,Merchant,10/07/2024,
1976,302,226,338.4,P2P,29/12/2024,
1977,55,428,180.64,P2P,16/10/2024,
1978,195,,58.57,Utility,23/07/2024,Electricity
1979,209,390,492.38,P2P,02/11/2024,
1980,64,,39.86,Utility,19/04/2024,Electricity
1981,254,,146.85,Utility,03/11/2024,Water
1982,370,43,167.42,P2P,24/04/2024,
1983,60,,71.05,Utility,26/05/2024,Water
1984,377,,143.67,Utility,08/05/2024,Gas
1985,116,14,297.68,Merchant,08/10/2024,
1986,438,,53.98,Utility,05/07/2024,Electricity
1987,459,,189.03,Utility,22/05/2024,Gas
1988,92,346,248.37,P2P,15/11/2024,
1989,54,,98.85,Utility,07/07/2024,Water
1990,347,62,75.97,P2P,12/10/2024,
1991,206,19,977.8,Merchant,24/04/2024,
1992,380,34,185.04,P2P,22/08/2024,
1993,102,,56.05,Utility,30/04/2024,Gas
1994,63,430,215.23,P2P,01/09/2024,
1995,256,,157.67,Utility,28/01/2024,Water
1996,304,,156.13,Utility,05/11/2024,Water
1997,483,,84.1,Utility,09/03/2024,Water
1998,309,,197.75,Utility,12/03/2024,Water
1999,143,394,230.04,P2P,04/08/2024,
2000,63,,108.08,Utility,06/05/2024,Electricity
